시설명,주소,구역지정수,시설물 CCTV 수,시설물 도로표지판 수,시설물 과속방지턱 수,보호구역도로폭,사고건수,위도,경도,평균주행속도,불법주정차위반건수,읍면동,전체인구,어린이인구,신호등 300m,어린이비율,위험도점수
DGB아이꿈터어린이집,대구광역시 수성구 달구벌대로 2271-5 (수성동4가),2,3,15,3,8.0,0,35.860973,128.6108859,35.25,0.0,수성동,40632,3829,17,9.42,33.50100552426142
YMCA유치원,대구광역시 중구 중앙대로 375 (덕산동),1,1,12,0,8.5,0,35.866686,128.593173,29.56,0.0,성내동,25759,3336,5,12.95,39.63301669535546
가나유치원,대구광역시 달서구 송현로7길 15 (상인동),2,3,24,4,20.0,0,35.82353,128.5454,32.11,0.0,송현동,34671,1819,10,5.25,33.713907471314904
가람유치원,"대구광역시 북구 칠곡중앙대로52길 20 (태전동, 삼성아파트)",2,3,13,5,12.0,0,35.9198599,128.548361,42.48,0.0,태전동,43857,3081,15,7.03,34.73546452232186
가야유치원,"대구광역시 달서구 성서동로 350 (용산동, 평화타운)",0,0,0,0,30.0,0,35.85114028,128.5164431,33.27,0.0,용산동,54353,3961,11,7.29,39.90344543556087
가창초등학교,대구광역시 달성군 가창면 가창로 640 ,1,3,9,0,20.0,0,35.77105069,128.648247,52.94,32.4,가창면,7013,417,4,5.95,43.16324024759375
가톨릭소화어린이집,대구광역시 남구 현충로39길 74 (대명동),3,3,23,7,7.0,0,35.85011603,128.5769832,35.31,0.0,대명동,86443,4318,10,5.0,32.04594506315075
소화어린이집,대구광역시 달서구 월곡로51길 77 (상인동),6,4,21,3,10.0,0,35.81473892,128.5362016,36.08,0.0,상인동,60234,4622,2,7.67,36.84964219747931
강남유치원,대구광역시 동구 신암로18길 19 (신암동),2,2,22,4,8.0,0,35.877706,128.612603,34.16,0.0,신암동,59668,6097,12,10.22,35.04050116360201
강북초등학교,대구광역시 북구 구암서로 50 (구암동),3,5,45,8,18.0,0,35.9408343,128.566782,31.82,48.0,구암동,31652,2815,14,8.89,30.578973402575087
개미유치원,대구광역시 달서구 상원로3길 19-5 (상인동),5,1,10,6,6.0,0,35.81100225,128.5353256,36.08,0.0,상인동,60234,4622,10,7.67,35.38888654993205
경동초등학교,대구광역시 수성구 청호로76길 12 (범어동),3,4,47,11,10.0,0,35.85220526,128.6393816,36.68,205.8,범어동,71579,11095,5,15.5,37.32669999493991
경북대학교 사범대학 부설초등학교,대구광역시 중구 달구벌대로 2150 (봉산동),2,2,12,2,8.0,0,35.86358293,128.5980661,29.56,0.0,성내동,25759,3336,14,12.95,35.560885812054366
경북유치원,대구광역시 남구 중앙대로40길 10-1 (대명동),3,3,13,2,7.0,0,35.84992534,128.5912659,35.31,0.0,대명동,86443,4318,2,5.0,36.604143873686
경상유치원,대구광역시 남구 현충로48길 31-9 (대명동),2,4,33,8,9.0,0,35.85321709,128.5854639,35.31,0.0,대명동,86443,4318,9,5.0,31.136118270668355
경운초등학교,대구광역시 서구 평리로54길 16 (내당동),19,7,14,26,10.0,0,35.86087951,128.552788,30.86,112.6,내당동,32137,1704,14,5.3,22.87252372710859
경전유치원,대구광역시 북구 복현로 11 (복현동),1,3,11,0,16.0,1,35.893506,128.6227636,37.46,0.0,복현동,35769,3057,14,8.55,44.12923264597635
경진초등학교,대구광역시 북구 경진로12길 5 (복현동),5,6,39,10,8.0,0,35.89202775,128.6170922,37.46,403.0,복현동,35769,3057,4,8.55,36.16003215518387
계명유치원,대구광역시 남구 명덕로20길 24 (대명동),2,4,18,4,8.0,0,35.85645873,128.5793986,35.31,0.0,대명동,86443,4318,13,5.0,31.85188199259632
계성어린이집,대구광역시 수성구 범어로 157 (범어동),1,1,17,4,20.0,0,35.863437,128.635247,36.68,62.8,범어동,71579,11095,5,15.5,42.62810797029671
계성초등학교,대구광역시 중구 달성로 15 (대신동),3,3,39,5,18.0,0,35.86566471,128.5811278,18.69,26.75,대신동,7282,837,15,11.49,30.493219168137113
고산초등학교,대구광역시 수성구 달구벌대로 3067 (시지동),3,2,38,14,11.0,0,35.84395474,128.693198,41.83,54.2,고산동,87407,8926,7,10.21,35.15276523673204
고운어린이집,대구광역시 수성구 노변공원로7길 6-24 (노변동),2,1,19,4,10.0,1,35.83554109,128.6983109,41.83,15.6,고산동,87407,8926,11,10.21,45.80993227211999
관음어린이집,대구광역시 북구 관음중앙로22길 3 (관음동),4,2,15,4,6.0,0,35.9432277,128.5456811,55.86,39.75,관음동,14488,847,6,5.85,40.810988878459064
관음초등학교,대구광역시 북구 관음동로17길 16 (관음동),5,3,18,5,16.0,0,35.93992099,128.5471123,55.86,0.0,관음동,14488,847,15,5.85,37.66747452774787
교동초등학교,대구광역시 북구 관음중앙로34길 4 (읍내동),4,3,22,10,8.0,0,35.9447886,128.5494726,37.86,54.5,읍내동,24123,1772,7,7.35,34.18878115482795
구암어린이집,대구광역시 북구 구암로42길 13-20 (구암동),3,2,13,2,6.0,0,35.9302986,128.5630209,31.82,0.5,구암동,31652,2815,7,8.89,36.33797524243995
구암초등학교,대구광역시 북구 학정로 245 (구암동),4,8,63,15,34.0,0,35.92814416,128.5577585,31.82,0.0,구암동,31652,2815,16,8.89,26.164844602279736
구지세현유치원,대구광역시 달성군 구지면 국가산단대로70길 23 ,0,0,0,0,16.0,1,35.66159725,128.4202023,50.3,0.0,구지면,18964,3331,3,17.56,56.559042546770065
구지초등학교,대구광역시 달성군 구지면 창리로11길 45-11 ,6,4,21,3,12.0,0,35.66021157,128.4125564,50.3,168.0,구지면,18964,3331,9,17.56,43.94661399050042
국우초등학교,대구광역시 북구 도남중앙로10길 45 (국우동),4,0,0,0,30.0,0,35.95616,128.5858,44.54,0.0,국우동,30174,3460,0,11.47,47.62505467759636
궁전어린이집,대구광역시 서구 국채보상로61길 24 (평리동),4,2,6,5,8.0,1,35.8742607,128.5645604,35.23,0.0,평리동,57243,5135,25,8.97,38.769921654505794
글나라어린이집,대구광역시 서구 국채보상로46길 31-27 (평리동),6,1,27,9,11.0,0,35.868026,128.557647,35.23,0.0,평리동,57243,5135,6,8.97,35.657004603703484
글로벌씨앤씨어린이집,대구광역시 달서구 월곡로 113-15 (도원동),4,2,13,5,8.0,1,35.80674904,128.5490396,31.93,0.0,도원동,32050,2301,15,7.18,39.960591138441984
금강 유치원,대구광역시 수성구 동대구로50길 108 (범어동),1,1,3,0,15.0,0,35.84938355,128.628768,36.68,20.2,범어동,71579,11095,0,15.5,45.18997587282162
금강어린이집,대구광역시 수성구 수성로75길 24 (수성동1가),3,1,9,6,7.5,0,35.857311,128.612566,35.25,0.0,수성동,40632,3829,17,9.42,33.97818786667542
금봉어린이집,대구광역시 달서구 야외음악당로39안길 61 (두류동),1,0,6,2,6.0,0,35.85183709,128.5522074,32.95,0.0,두류동,23121,1384,8,5.99,36.71273581781003
금빛유치원,대구광역시 동구 반야월로 208-1 (동호동),4,2,20,9,8.0,0,35.87172556,128.711336,44.54,0.0,국우동,30174,3460,20,11.47,34.03944364582307
기쁨어린이집,대구광역시 달서구 야외음악당로39길 41 (두류동),3,1,12,3,8.0,1,35.85384614,128.5543582,32.95,0.0,두류동,23121,1384,13,5.99,41.67164309499628
김샘학원,대구광역시 수성구 달구벌대로525길 6 (만촌동),1,1,5,2,10.0,0,35.85733531,128.650123,39.84,47.6,만촌동,53419,6265,9,11.73,40.67706869068072
꼬마또래 어린이집,대구광역시 남구 효동2길 16 (봉덕동),0,0,0,0,10.0,1,35.83768718,128.600747,37.09,0.0,봉덕동,35397,2674,7,7.55,47.510204813547865
꽃동산유치원,대구광역시 동구 동촌로48길 24-7 (방촌동),3,1,12,6,6.0,0,35.880095,128.665058,38.96,0.0,방촌동,17161,965,8,5.62,35.769174127737436
꿈꽃어린이집,대구광역시 동구 송라로 110 (신암동),1,0,6,0,8.0,0,35.876872,128.616848,34.16,0.0,신암동,59668,6097,8,10.22,39.58361926045842
꿈나무어린이집,대구광역시 중구 남산로1길 46-5 (남산동),2,1,9,3,9.0,0,35.85848306,128.5805841,33.32,0.0,남산동,34268,4017,17,11.72,35.598833136245496
꿈나무어린이집,대구광역시 수성구 들안로2안길 27-15 (두산동),3,2,12,4,6.0,0,35.832741,128.6192884,33.37,0.0,두산동,14729,1393,3,9.46,37.52692758393606
꿈이있는 숲속유치원(꿈숲유치원),대구광역시 달성군 다사읍 다사로 64 ,0,0,0,0,22.0,0,35.86624596,128.4591398,40.57,0.0,다사읍,90377,14360,5,15.89,46.08218108835745
나래영재어린이집,대구광역시 북구 대불서길 18-6 (산격동),0,0,0,0,6.0,0,35.90119246,128.6145454,35.18,0.0,산격동,33037,1409,11,4.26,36.59086864060505
나현유치원,대구광역시 동구 화랑로88길 90 (방촌동),3,2,20,8,15.0,0,35.87540844,128.6644884,38.96,0.0,방촌동,17161,965,1,5.62,37.18233461509259
난나유치원,"대구광역시 달서구 성서서로 330 (이곡동, 성서청남타운)",2,1,9,1,30.0,0,35.85406557,128.5003974,34.32,0.0,이곡동,34996,2224,11,6.36,38.40289222868058
남대구초등학교,대구광역시 남구 중앙대로47길 55 (대명동),4,7,47,7,7.0,0,35.85355805,128.5864853,35.31,167.0,대명동,86443,4318,4,5.0,31.845626370893225
남덕초등학교,대구광역시 남구 앞산순환로93길 33 (대명동),12,7,71,14,7.0,0,35.83304211,128.5739489,35.31,71.6,대명동,86443,4318,10,5.0,25.65689310479207
남도어린이집,대구광역시 남구 장전3길 132 (대명동),5,6,41,9,7.0,1,35.84234083,128.5781777,35.31,0.0,대명동,86443,4318,12,5.0,35.55709629509637
남도초등학교,대구광역시 남구 현충동길 74 (대명동),6,8,85,11,7.0,3,35.84427387,128.5813642,35.31,92.8,대명동,86443,4318,15,5.0,46.56602993493796
남동초등학교,대구광역시 달성군 논공읍 논공로 258 ,4,2,29,0,18.0,0,35.72463823,128.456469,58.89,3.2,논공읍,15484,1082,2,6.99,44.814317293734476
남명초등학교,대구광역시 남구 큰골4길 41 (대명동),7,9,68,15,11.5,0,35.8343637,128.5819826,35.31,43.4,대명동,86443,4318,8,5.0,25.0278453453876
남산교회어린이집,대구광역시 중구 관덕정길 16 (남산동),2,1,12,5,8.0,0,35.8650401,128.590565,33.32,0.0,남산동,34268,4017,10,11.72,36.806808696179694
남산초등학교,대구광역시 중구 남산로 70 (남산동),3,6,62,5,20.5,0,35.863204,128.5827598,33.32,100.0,남산동,34268,4017,16,11.72,31.81684264963621
내서초등학교,대구광역시 서구 달구벌대로371길 35 (내당동),13,8,28,20,9.0,0,35.86381875,128.5667588,30.86,201.0,내당동,32137,1704,9,5.3,25.850618044042406
노변초등학교,대구광역시 수성구 노변공원로 52 (시지동),2,1,39,14,17.5,1,35.83774591,128.6976275,41.83,85.4,고산동,87407,8926,11,10.21,43.00988608069704
노전초등학교,대구광역시 달서구 한실로 43 (도원동),2,1,19,0,25.0,0,35.80816336,128.5312014,31.93,85.4,도원동,32050,2301,13,7.18,37.706190291601956
논공어린이집,대구광역시 달성군 논공읍 논공로23길 6-15 ,2,1,13,2,6.0,0,35.730295,128.4470703,58.89,0.0,논공읍,15484,1082,11,6.99,41.485729638172856
뉴대구어린이집,대구광역시 수성구 교학로 54-1 (만촌동),1,0,7,2,8.0,1,35.85091038,128.6528587,39.84,7.6,만촌동,53419,6265,5,11.73,49.324015147139235
늘푸른유치원,대구광역시 달성군 화원읍 명곡로 4 ,0,0,0,0,20.0,0,35.799372,128.4956269,49.99,0.0,화원읍,46114,3740,21,8.11,40.15601059779165
다솜유치원,대구광역시 북구 복현로20길 20 (복현동),4,1,13,3,6.0,0,35.9008908,128.6222078,37.46,0.0,복현동,35769,3057,8,8.55,37.5401267329989
다애어린이집,대구광역시 달서구 명덕로2길 87 (두류동),3,1,12,2,6.0,0,35.85815248,128.5706752,32.95,0.0,두류동,23121,1384,0,5.99,38.231604410276745
다인어린이집,대구광역시 서구 달서로7길 9 (내당동),4,0,4,2,30.0,0,35.8649326,128.5700955,30.86,78.0,내당동,32137,1704,14,5.3,37.51035553224143
다인유치원,대구광역시 북구 대현남로 34 (대현동),4,1,50,4,8.0,0,35.88114395,128.607228,35.87,0.0,대현동,15745,1007,15,6.4,32.3229299220508
단비어린이집,대구광역시 동구 팔공로91길 10 (지묘동),2,1,12,3,8.0,0,35.940566,128.644575,55.62,0.0,공산동,20244,1589,3,7.85,43.3962900654786
단비유치원,"대구광역시 수성구 신매로 51 (신매동, 시지천마타운)",1,1,20,6,18.0,0,35.83447236,128.7060699,45.96,6.4,안심동,101173,10230,13,10.11,38.70526241665171
달산초등학교,대구광역시 북구 옥산로17길 37 (침산동),2,4,23,8,11.0,0,35.88770026,128.5851441,37.06,93.25,침산동,39135,4442,16,11.35,33.56361748519126
달서어린이집,대구광역시 달서구 대명천로8길 10 (성당동),2,1,11,3,8.0,0,35.83923761,128.5558724,30.44,0.0,성당동,20919,1652,24,7.9,31.049957324905424
달서유치원,대구광역시 서구 국채보상로 342 (비산동),7,3,24,6,35.0,0,35.871551,128.568131,35.36,0.0,비산동,44837,1740,14,3.88,33.6608482732524
달서초등학교,대구광역시 서구 국채보상로34길 35 (중리동),20,7,45,17,26.0,0,35.8668447,128.5505173,50.57,154.2,상중이동,17613,1248,9,7.09,33.49556888924006
달성어린이집,대구광역시 달성군 현풍읍 현풍중앙로10길 74 ,1,3,11,3,8.0,0,35.69608,128.4476,56.15,0.0,현풍읍,21728,2523,2,11.61,44.13515739264384
달성초등학교,대구광역시 서구 고성로 127 (원대동1가),33,14,57,19,15.0,0,35.88281761,128.5792117,29.51,80.4,원대동,10180,687,21,6.75,17.181792568787337
대곡가야유치원,대구광역시 달서구 비슬로538길 7 (대곡동),2,2,13,7,8.0,0,35.80770731,128.5096029,30.92,0.0,진천동,49707,5016,7,10.09,35.14553027423203
대곡유치원,대구광역시 달서구 도원로 42 (도원동),0,0,0,0,30.0,0,35.80600034,128.5352145,31.93,514.0,도원동,32050,2301,19,7.18,42.0468072380512
대곡초등학교,대구광역시 달서구 도원남로 60 (도원동),5,5,49,12,25.0,0,35.8032986,128.5357486,31.93,0.0,도원동,32050,2301,11,7.18,29.59064666487353
대광어린이집,대구광역시 달서구 용산로4길 32 (본리동),2,2,7,9,6.0,1,35.83843377,128.532385,32.6,0.0,본리동,22460,2763,13,12.3,41.520481702161135
대구가톨릭대학교부설유치원,대구광역시 동구 안심로 300 (동호동),3,1,7,2,20.0,0,35.865592,128.7176258,44.54,0.0,국우동,30174,3460,4,11.47,43.730334207836115
대구감삼초등학교,대구광역시 달서구 당산로 123 (감삼동),8,4,41,13,6.0,1,35.84917998,128.5451459,34.48,22.0,감삼동,30507,3624,10,11.88,38.75143125359387
대구감천초등학교,대구광역시 달서구 구마로12길 60 (월성동),4,5,38,12,15.0,0,35.83526704,128.5330982,32.97,84.4,월성동,53940,7201,5,13.35,34.39977326837231
대구강동초등학교,대구광역시 동구 동호로7길 17 (신서동),3,2,18,4,8.0,1,35.86809748,128.7302386,45.96,167.75,안심동,101173,10230,6,10.11,48.94653111971661
대구강림초등학교,대구광역시 달성군 옥포읍 돌미로 15 ,8,1,23,0,26.0,0,35.78124474,128.436759,65.3,237.6,옥포읍,23013,2633,13,11.44,48.816586324901785
대구공산초등학교,대구광역시 동구 팔공로197길 35 (백안동),1,2,12,6,8.0,0,35.9564807,128.6906261,55.62,32.5,공산동,20244,1589,5,7.85,41.47718952852916
대구과학대학부설유치원,대구광역시 북구 영송로 15 (태전동),0,0,0,0,12.0,0,35.92684373,128.5440255,42.48,0.0,태전동,43857,3081,14,7.03,39.187638127532836
대구과학어린이집,대구광역시 달서구 와룡로15길 62 (본리동),2,2,12,6,8.0,1,35.83986,128.5336,32.6,0.0,본리동,22460,2763,11,12.3,43.10566340585547
대구관남초등학교,대구광역시 북구 칠곡중앙대로91길 10 (관음동),2,5,15,3,12.0,0,35.93683759,128.5477879,55.86,117.75,관음동,14488,847,13,5.85,38.535112128787475
대구관문초등학교,대구광역시 북구 매전로 32 (매천동),2,1,14,2,14.0,0,35.90869975,128.5461085,59.66,14.25,관문동,33060,4459,11,13.49,45.22528107094045
대구관천초등학교,대구광역시 북구 구암로22길 17 (태전동),4,2,17,5,18.0,1,35.9305641,128.5520482,42.48,288.5,태전동,43857,3081,12,7.03,46.99018295247404
대구교육대학 부설초등학교,대구광역시 달서구 도원남로 19 (도원동),3,2,27,1,25.0,1,35.80596789,128.5323817,31.93,0.0,도원동,32050,2301,14,7.18,42.75125980562685
대구근로복지공단어린이집,대구광역시 서구 서대구로17길 28 (중리동),7,3,9,4,10.0,0,35.865136,128.552628,50.57,0.0,상중이동,17613,1248,15,7.09,37.01070519218085
대구금계초등학교,대구광역시 달성군 옥포읍 금계길 55 ,4,5,42,2,9.0,0,35.78883806,128.443791,65.3,12.4,옥포읍,23013,2633,1,11.44,44.42827887935479
대구금포초등학교,대구광역시 달성군 논공읍 금포초등길 28 ,21,4,63,2,8.0,0,35.77429302,128.4254986,58.89,127.2,논공읍,15484,1082,21,6.99,35.67770768383007
대구남부초등학교,대구광역시 달서구 야외음악당로15길 46 (성당동),5,5,37,12,8.0,0,35.84443849,128.5499641,30.44,101.8,성당동,20919,1652,18,7.9,27.130340796228907
대구남송초등학교,대구광역시 달서구 송현로 192 (본동),4,7,57,9,20.0,0,35.83490543,128.5453631,30.61,0.0,본동,11728,721,11,6.15,27.703638416482328
대구남양학교,대구광역시 수성구 무학로37안길 6 (지산동),5,5,40,9,9.0,0,35.834025,128.629108,47.09,0.0,지산동,37797,2415,0,6.39,35.966989854682424
대구내당초등학교,대구광역시 달서구 명덕로 22-9 (두류동),6,3,31,12,6.0,0,35.86063851,128.5723871,32.95,1.4,두류동,23121,1384,17,5.99,27.62234373803872
대구논공초등학교,대구광역시 달성군 논공읍 논공로7길 41 ,0,0,0,0,8.0,0,35.73103879,128.4376482,58.89,117.4,논공읍,15484,1082,0,6.99,48.057867988476744
대구다사초등학교,대구광역시 달성군 다사읍 다사로 86 ,7,2,18,4,18.0,0,35.8694288,128.4584848,40.57,244.4,다사읍,90377,14360,2,15.89,45.48722497361019
대구대실유치원,대구광역시 달성군 다사읍 대실역남로1길 29 ,0,0,0,0,20.0,1,35.85260229,128.4676236,40.57,0.0,다사읍,90377,14360,7,15.89,52.76335452485005
대구대실초등학교,대구광역시 달성군 다사읍 대실역남로1길 31 ,6,5,76,16,20.0,1,35.85308854,128.4678979,40.57,61.8,다사읍,90377,14360,6,15.89,41.64985369526719
대구덕성초등학교,대구광역시 동구 아양로34길 50 (신암동),3,2,18,5,6.0,0,35.88210504,128.6284765,34.16,742.25,신암동,59668,6097,9,10.22,42.71509670969414
대구도림초등학교,대구광역시 달성군 다사읍 서재로26길 94 ,3,1,47,3,10.0,0,35.878165,128.4997991,40.57,7.4,다사읍,90377,14360,4,15.89,41.35838487250769
대구동곡초등학교,대구광역시 달성군 하빈면 달구벌대로55길 104-4 ,1,2,9,4,6.0,0,35.87936389,128.4173532,59.56,33.2,하빈면,3276,87,5,2.66,40.937854809293725
대구동부초등학교,대구광역시 동구 신암북로7길 22 (신암동),4,4,25,4,6.0,0,35.88802582,128.6198324,34.16,19.25,신암동,59668,6097,2,10.22,36.652627669197756
대구동신초등학교,대구광역시 동구 송라로 123 (신암동),4,7,59,12,8.0,0,35.87827534,128.6150277,34.16,95.5,신암동,59668,6097,10,10.22,29.042605804998058
대구동촌초등학교,대구광역시 동구 동촌로 168 (방촌동),2,1,20,1,8.0,0,35.882087,128.658952,38.96,0.0,방촌동,17161,965,4,5.62,38.48689618827118
대구동호초등학교,대구광역시 동구 동호로 25 (동호동),1,1,18,2,20.0,0,35.8653521,128.7204858,44.54,25.5,국우동,30174,3460,8,11.47,42.248962973736404
대구반야월초등학교,대구광역시 동구 안심로49길 70 (서호동),2,2,13,5,6.0,1,35.86827367,128.7107622,45.96,88.5,안심동,101173,10230,1,10.11,49.38852557383772
대구방촌초등학교,대구광역시 동구 동촌로42길 35-14 (방촌동),4,5,24,5,8.0,0,35.88065514,128.6630347,38.96,92.5,방촌동,17161,965,11,5.62,33.23332119642239
대구본리초등학교,대구광역시 달서구 장기로 198 (감삼동),7,4,33,16,8.0,1,35.84457103,128.5386403,34.48,21.6,감삼동,30507,3624,14,11.88,37.122068266077505
대구봉무초등학교,대구광역시 동구 팔공로53길 30 (봉무동),2,4,35,0,20.0,0,35.92580074,128.637412,55.11,165.75,봉무동,19806,2304,3,11.63,45.7114038217435
대구북동초등학교,대구광역시 달성군 논공읍 논공로11길 18 ,15,15,96,22,12.0,0,35.72947978,128.4413202,58.89,287.4,논공읍,15484,1082,4,6.99,27.70875518023987
대구불로초등학교,대구광역시 동구 방천로3길 19 (불로동),4,4,19,14,6.0,0,35.89747918,128.6335014,55.11,24.0,봉무동,19806,2304,1,11.63,39.54847377051915
대구비산초등학교,대구광역시 서구 통학로 202 (평리동),9,4,24,5,15.0,0,35.87875905,128.5643247,35.23,183.2,평리동,57243,5135,12,8.97,35.62136986228766
대구비슬초등학교,대구광역시 달성군 유가읍 테크노북로 144 ,4,9,65,0,7.0,2,35.69605694,128.458744,54.32,0.0,유가읍,31072,6236,15,20.07,52.777849431196266
대구삼성어린이집,대구광역시 중구 달구벌대로 2016-40 (남산동),2,1,20,4,7.5,0,35.864469,128.584301,33.32,0.0,남산동,34268,4017,15,11.72,35.19796724929887
대구상원유치원,대구광역시 달서구 학산남로 34 (상인동),0,0,0,0,20.0,2,35.82283958,128.5367112,36.08,0.0,상인동,60234,4622,5,7.67,56.48568948683739
대구새론초등학교,대구광역시 동구 과학로13길 5 (각산동),2,2,24,0,8.0,0,35.88380453,128.717223,45.96,94.0,안심동,101173,10230,4,10.11,42.39764183973646
대구서재초등학교,대구광역시 달성군 다사읍 서재로 100 ,10,6,49,13,12.0,0,35.87192218,128.4983801,40.57,5.0,다사읍,90377,14360,9,15.89,33.48117098628698
대구서촌초등학교,대구광역시 동구 파계로 525-11 (중대동),2,0,10,0,20.0,0,35.98040326,128.6317455,55.62,2.0,공산동,20244,1589,3,7.85,46.410541296799224
대구선명학교,대구광역시 동구 팔공산로 225 (덕곡동),2,2,12,2,20.0,0,35.99718756,128.6137631,55.62,0.0,공산동,20244,1589,2,7.85,44.6842494465231
대구성남초등학교,대구광역시 달서구 성당로47길 35 (두류동),5,6,27,10,8.0,0,35.85332922,128.5722902,32.95,6.0,두류동,23121,1384,12,5.99,28.372998113397603
대구성보학교,대구광역시 북구 동북로71길 9-45 (복현동),1,1,6,2,12.0,0,35.89408427,128.6302775,37.46,0.0,복현동,35769,3057,0,8.55,41.2631031666534
대구성지초등학교,대구광역시 달서구 새동네로 27 (용산동),2,2,33,9,20.0,0,35.85329006,128.5187152,33.27,809.0,용산동,54353,3961,10,7.29,41.11599590461919
대구세명학교,대구광역시 달서구 새방로 62 (용산동),1,1,9,0,30.0,0,35.86341822,128.5243182,33.27,0.0,용산동,54353,3961,7,7.29,40.07000590001853
대구세천초등학교,대구광역시 달성군 다사읍 세천로 182-9 ,2,5,32,4,16.0,0,35.87434699,128.4814697,40.57,62.8,다사읍,90377,14360,6,15.89,39.78999531808598
대구세현초등학교,대구광역시 달성군 구지면 국가산단대로66길 10 ,7,5,42,2,12.0,1,35.65978473,128.4198073,50.3,0.0,구지면,18964,3331,10,17.56,48.25801502156774
대구송정초등학교,대구광역시 동구 안심로90길 9 (괴전동),4,10,45,4,8.0,0,35.87060736,128.7340267,45.96,137.25,안심동,101173,10230,5,10.11,35.19511665335964
대구신성초등학교,대구광역시 동구 동북로71길 29 (신암동),4,3,31,12,6.0,0,35.89012297,128.6289427,34.16,9.5,신암동,59668,6097,2,10.22,34.236999150022044
대구신천초등학교,대구광역시 동구 송라로6길 5 (신천동),7,5,55,4,6.0,1,35.871649,128.6210093,34.22,25.75,신천동,35806,3030,21,8.46,35.737350559191874
대구아양초등학교,대구광역시 동구 아양로 221 (신암동),2,1,15,1,8.0,0,35.88746268,128.6374338,34.16,26.5,신암동,59668,6097,7,10.22,38.762122923459394
대구아이누리유치원,대구광역시 달성군 논공읍 논공로15길 20-14 ,0,0,0,0,6.0,0,35.86383095,128.4662651,40.57,0.0,다사읍,90377,14360,16,15.89,41.046720095449665
대구안일초등학교,대구광역시 동구 율하동로23길 66 (율하동),2,2,40,3,8.0,0,35.871415,128.6952236,45.96,247.25,안심동,101173,10230,7,10.11,41.21189908974473
대구영신초등학교,대구광역시 동구 팔공로50길 32 (봉무동),4,0,14,2,8.0,0,35.92000422,128.646424,55.11,0.0,봉무동,19806,2304,1,11.63,46.26451407520465
대구예술어린이집,대구광역시 달서구 죽전1안길 14 (죽전동),2,1,6,0,6.0,0,35.85282869,128.5403127,32.68,0.0,죽전동,14305,969,7,6.77,37.30617779191279
대구용천초등학교,대구광역시 달서구 조암남로32길 55 (유천동),2,3,26,5,15.0,1,35.81972464,128.5125985,30.92,62.2,진천동,49707,5016,7,10.09,43.42144473487047
대구용호초등학교,대구광역시 동구 동촌로56길 82 (방촌동),5,4,30,8,8.0,1,35.87735702,128.6723772,38.96,27.5,방촌동,17161,965,12,5.62,39.15099692339408
대구월서초등학교,대구광역시 달서구 월배로39길 46 (상인동),6,4,56,11,8.0,2,35.82174515,128.5318133,36.08,0.0,상인동,60234,4622,25,7.67,40.36499858497727
대구월암초등학교,대구광역시 달서구 조암로6길 55 (월성동),6,11,98,17,10.0,2,35.828572,128.5217032,32.97,0.0,월성동,53940,7201,5,13.35,39.83731708777833
대구유가초등학교,대구광역시 달성군 유가읍 테크노대로5길 34 ,3,2,55,0,22.0,2,35.69223444,128.4677385,54.32,478.8,유가읍,31072,6236,7,20.07,66.23601798177502
대구유천초등학교,대구광역시 달서구 달서대로 39 (유천동),5,3,40,9,12.0,2,35.81257393,128.5118548,30.92,0.0,진천동,49707,5016,9,10.09,47.411652673407715
대구율금초등학교,대구광역시 동구 안심로16길 70 (율하동),5,5,61,5,20.0,1,35.86188781,128.6918367,45.96,18.0,안심동,101173,10230,10,10.11,43.35591051379977
대구율원초등학교,대구광역시 동구 율하동로 55 (율하동),2,3,21,1,30.0,1,35.864894,128.700743,45.96,142.25,안심동,101173,10230,9,10.11,50.36791015704245
대구입석초등학교,대구광역시 동구 아양로 300 (입석동),1,1,21,0,30.0,0,35.89069277,128.6439976,37.55,10.5,동촌동,14249,863,9,6.06,39.537717098390814
대구장동초등학교,대구광역시 달서구 달구벌대로304길 112 (장기동),4,3,17,6,15.0,1,35.84478484,128.5317635,38.33,0.0,장기동,15597,1358,21,8.71,39.894613224288484
대구장성초등학교,대구광역시 달서구 달구벌대로 1429-11 (장기동),6,13,48,19,8.0,0,35.85035905,128.5232345,38.33,9.2,장기동,15597,1358,13,8.71,22.13055202977948
대구죽곡초등학교,대구광역시 달성군 다사읍 죽곡1길 18 ,6,7,74,24,14.0,0,35.85679928,128.463332,40.57,1041.8,다사읍,90377,14360,12,15.89,37.27696121212447
대구죽전초등학교,대구광역시 달서구 죽전길 127 (죽전동),6,7,28,15,10.0,1,35.85778773,128.5399257,32.68,0.0,죽전동,14305,969,14,6.77,33.332460202416705
대구지묘초등학교,대구광역시 동구 파계로6길 54-3 (지묘동),5,3,28,11,6.0,0,35.942816,128.6389777,55.62,13.25,공산동,20244,1589,8,7.85,37.131226095295524
대구진월초등학교,대구광역시 달서구 진천로4길 32 (진천동),4,7,42,15,8.0,0,35.81090267,128.5282878,30.92,9.6,진천동,49707,5016,9,10.09,27.484811019618625
대구초등학교,대구광역시 중구 명륜로23길 80 (봉산동),4,8,45,11,7.5,0,35.8640369,128.5953696,29.56,220.75,성내동,25759,3336,9,12.95,30.84971854019436
대구포산초등학교,대구광역시 달성군 현풍읍 테크노북로 80 ,3,4,60,0,8.0,0,35.69487555,128.4526294,56.15,4.2,현풍읍,21728,2523,8,11.61,40.44257078799432
대구하빈초등학교,대구광역시 달성군 하빈면 하빈로 391-1 ,2,2,33,6,8.0,0,35.901692,128.4421117,59.56,0.0,하빈면,3276,87,6,2.66,38.74074926087951
대구한샘초등학교,대구광역시 달서구 월배로11길 42 (대천동),3,3,29,8,20.0,3,35.81699982,128.5188133,32.97,0.0,월성동,53940,7201,13,13.35,57.2012035161905
대구한솔초등학교,대구광역시 달서구 조암남로 172-13 (유천동),2,3,28,6,12.0,4,35.81656683,128.5156958,30.92,21.2,진천동,49707,5016,15,10.09,62.35771247155134
대구한실초등학교,대구광역시 달서구 한실로6길 108 (대곡동),5,2,25,8,10.0,0,35.79831438,128.5285689,30.92,0.0,진천동,49707,5016,8,10.09,34.161184931763806
대구해서초등학교,대구광역시 동구 팔공로 220-4 (봉무동),3,2,37,1,8.0,0,35.91807126,128.6430531,55.11,37.5,봉무동,19806,2304,2,11.63,44.330004676264984
대구해안초등학교,대구광역시 동구 옻골로 50 (부동),1,2,14,3,12.0,0,35.896174,128.6830241,72.8,6.0,해안동,13568,742,0,5.47,47.240644282939805
대구호산초등학교,대구광역시 달서구 달서대로109길 116 (호산동),3,3,35,1,20.0,0,35.84907047,128.4790049,35.93,240.4,신당동,28363,1379,7,4.86,38.17747800829699
대구화교초등학교,대구광역시 중구 종로 34 (남일동),1,0,6,1,12.0,0,35.868893,128.5918827,29.56,0.0,성내동,25759,3336,12,12.95,38.45618549811762
대구화동초등학교,대구광역시 달성군 화원읍 성암로 38 ,6,9,56,11,22.0,0,35.79954584,128.5096929,49.99,48.0,화원읍,46114,3740,3,8.11,34.37557393835949
대구화원초등학교,대구광역시 달성군 화원읍 비슬로 2580 ,3,5,43,2,6.0,1,35.80302218,128.4993245,49.99,0.0,화원읍,46114,3740,10,8.11,43.69896976793813
대구황금유치원,대구광역시 수성구 청호로 286 (황금동),2,2,21,1,20.5,0,35.84474548,128.6416364,42.36,249.6,황금동,33031,4123,5,12.48,44.81281698480697
대구효목초등학교,대구광역시 동구 화랑로27길 25 (효목동),5,6,24,14,8.0,0,35.87600495,128.641577,34.53,2.5,효목동,25725,1461,15,5.68,26.49212119318143
대구효신초등학교,대구광역시 동구 동부로34길 70 (신천동),2,5,20,5,6.0,0,35.87267001,128.6321105,34.22,64.0,신천동,35806,3030,8,8.46,33.8460781883595
대남초등학교,대구광역시 달서구 월배로68길 91 (송현동),9,9,85,27,10.0,0,35.82418641,128.5517497,32.11,43.2,송현동,34671,1819,2,5.25,21.22185307457089
대덕초등학교,대구광역시 남구 대명서로 28 (대명동),9,16,88,19,11.5,0,35.8304316,128.561677,35.31,135.6,대명동,86443,4318,3,5.0,20.785090807093397
대명초등학교,대구광역시 남구 대명로 100 (대명동),5,9,68,11,8.0,1,35.83886877,128.5688886,35.31,244.0,대명동,86443,4318,6,5.0,36.02041239351724
대봉초등학교,대구광역시 남구 대봉로26길 33 (이천동),3,7,55,8,12.5,1,35.85166437,128.6048051,41.53,97.0,이천동,13922,1316,4,9.45,41.835218592049515
대산초등학교,대구광역시 북구 신천동로 900 (산격동),5,3,23,7,8.0,0,35.89611402,128.5931912,35.18,195.25,산격동,33037,1409,11,4.26,33.39469501708457
대서초등학교,대구광역시 달서구 송현로 9 (상인동),1,0,0,0,20.0,0,35.82006524,128.5499599,36.08,0.0,상인동,60234,4622,8,7.67,40.57659857774647
대성초등학교,대구광역시 서구 국채보상로 426 (비산동),7,8,34,5,35.0,0,35.87040591,128.5771526,35.36,69.2,비산동,44837,1740,13,3.88,31.369157167912697
대영유치원,대구광역시 달성군 논공읍 논공중앙로22길 47 ,6,1,17,6,10.0,0,35.72369633,128.4498426,58.89,0.0,논공읍,15484,1082,0,6.99,43.724345665216
대원유치원,대구광역시 북구 동북로26길 26 (산격동),4,3,17,8,8.0,0,35.89982276,128.6051253,35.18,0.0,산격동,33037,1409,4,4.26,33.588787529232825
대자연유치원,대구광역시 달성군 다사읍 서재본1길 9-10 ,4,0,0,0,6.0,0,35.873568,128.4950751,40.57,0.0,다사읍,90377,14360,15,15.89,41.34975039847997
대진초등학교,대구광역시 달서구 상화로 70 (대곡동),4,4,28,6,12.0,2,35.80662752,128.5217528,30.92,1.2,진천동,49707,5016,11,10.09,47.75285825652723
대천초등학교,대구광역시 북구 구암로21길 54 (읍내동),3,3,21,4,15.0,0,35.93721038,128.554364,37.86,16.0,읍내동,24123,1772,8,7.35,36.30760797756935
대청초등학교,대구광역시 수성구 교학로12길 42 (만촌동),5,5,45,11,10.5,1,35.85090774,128.6501668,39.84,101.8,만촌동,53419,6265,5,11.73,42.5934759212228
더좋은유치원,"대구광역시 달서구 선원로 241 (용산동, 성서2차보성타운)",1,1,7,0,12.0,1,35.85968,128.5184,33.27,0.0,용산동,54353,3961,7,7.29,45.74857022692249
더플로우어린이집,대구광역시 남구 대봉로30길 40 (이천동),1,3,10,2,8.0,0,35.85214855,128.605307,41.53,0.0,이천동,13922,1316,3,9.45,39.83124840748742
더플로우유치원,대구광역시 동구 반야월북로 189-30 (각산동),2,1,21,4,18.0,0,35.87588,128.7188,45.96,0.0,안심동,101173,10230,3,10.11,42.29407100497229
덕인초등학교,대구광역시 달서구 대명천로43길 66 (본리동),7,10,29,11,8.0,1,35.83856881,128.5344708,32.6,18.6,본리동,22460,2763,6,12.3,37.338292878221
덕일어린이집,대구광역시 수성구 청호로92길 26 (범어동),2,2,14,4,7.0,0,35.855408,128.643261,36.68,0.0,범어동,71579,11095,4,15.5,40.460543624574285
도남초등학교,대구광역시 북구 구리로 202 (국우동),7,3,65,9,12.0,1,35.94865981,128.577122,44.54,132.0,국우동,30174,3460,8,11.47,44.14057327792171
도담소리숲유치원,대구광역시 달성군 화원읍 인흥2길 79 ,2,1,7,2,4.0,0,35.78843377,128.519735,49.99,0.0,화원읍,46114,3740,0,8.11,43.19874983144856
도원유치원,대구광역시 달서구 한실로 137 (도원동),1,1,12,0,15.0,1,35.80474345,128.5421325,31.93,0.0,도원동,32050,2301,5,7.18,46.073970658438114
도원초등학교,대구광역시 달서구 도원남로 100-30 (도원동),2,3,33,16,15.0,1,35.80474345,128.5421325,31.93,104.4,도원동,32050,2301,5,7.18,39.511440643588436
동구청어린이집,대구광역시 동구 신암남로 175-1 (신암동),2,1,12,3,10.0,0,35.88768898,128.636004,34.16,0.0,신암동,59668,6097,5,10.22,38.800102295220434
동그라미어린이집,대구광역시 달성군 화원읍 비슬로500길 10 ,2,1,10,1,6.0,0,35.798826,128.4911558,49.99,0.0,화원읍,46114,3740,24,8.11,36.33193493361358
동그라미유치원,대구광역시 달서구 중흥로8길 50 (송현동),3,1,12,6,10.0,0,35.82909768,128.5540861,32.11,0.0,송현동,34671,1819,1,5.25,36.52143140823833
동대구초등학교,대구광역시 동구 신암남로 45 (신암동),4,8,37,6,8.0,0,35.87969333,128.62097,34.16,97.75,신암동,59668,6097,10,10.22,31.467240423729475
동덕초등학교,대구광역시 중구 동덕로26길 20 (삼덕동2가),3,2,31,1,9.0,0,35.864739,128.604646,30.23,17.5,삼덕동,7113,634,13,8.91,34.120375036668335
동도초등학교,대구광역시 수성구 동대구로57길 8 (범어동),5,3,36,6,8.0,1,35.8570927,128.624038,36.68,555.0,범어동,71579,11095,12,15.5,48.65029823249381
동문초등학교,대구광역시 수성구 효행로2길 111 (만촌동),5,6,55,15,14.0,2,35.874856,128.6524257,39.84,62.0,만촌동,53419,6265,0,11.73,49.17331370892752
동변초등학교,대구광역시 북구 동변로 60 (동변동),2,3,43,3,20.0,0,35.91913074,128.6041638,44.37,3.25,무태조야동,33500,3694,8,11.03,39.06608012892031
동산어린이집,대구광역시 수성구 달구벌대로652길 65-6 (욱수동),1,1,11,4,12.0,1,35.832271,128.710217,41.83,0.0,고산동,87407,8926,3,10.21,48.6710315963368
동산초등학교,대구광역시 수성구 동대구로42길 29 (범어동),3,5,24,17,9.0,0,35.849159,128.6280729,36.68,72.0,범어동,71579,11095,2,15.5,35.29485867284537
동서변유치원,대구광역시 북구 서변로3길 59 (서변동),0,0,0,0,12.0,0,35.9219561,128.5946241,44.37,0.0,무태조야동,33500,3694,6,11.03,43.67422669267509
동성초등학교,대구광역시 수성구 수성로 311 (수성동1가),2,4,27,3,19.0,0,35.85344576,128.6127129,35.25,250.0,수성동,40632,3829,20,9.42,34.97607255689313
동신유치원,대구광역시 수성구 교학로4길 39 (만촌동),2,2,13,5,7.5,0,35.854779,128.6507608,39.84,415.0,만촌동,53419,6265,13,11.73,40.72674685270969
동심어린이집,대구광역시 달서구 상화로51길 14 (상인동),0,0,0,0,7.0,1,35.80953,128.5425,36.08,0.0,상인동,60234,4622,8,7.67,46.693619854342224
동양유치원,대구광역시 서구 평리로78길 8-12 (내당동),2,1,3,4,7.0,0,35.8654976,128.5651622,30.86,0.0,내당동,32137,1704,21,5.3,30.948693039820192
동영유치원,대구광역시 수성구 파동로51길 80 (파동),1,1,7,4,6.0,0,35.82237562,128.6088487,56.38,0.0,파동,15236,1538,5,10.09,43.560997867539655
동원초등학교,대구광역시 수성구 국채보상로 1000 (만촌동),2,1,35,4,25.0,0,35.86486838,128.639886,39.84,51.8,만촌동,53419,6265,18,11.73,37.51731965841441
동인초등학교,대구광역시 중구 국채보상로 728 (동인동4가),3,5,23,1,10.0,0,35.86808366,128.6095066,35.43,0.25,동인동,9955,699,12,7.02,33.3524401567052
동일초등학교,대구광역시 수성구 들안로 311 (수성동2가),2,5,25,4,26.0,0,35.8581009,128.6168809,35.25,256.4,수성동,40632,3829,13,9.42,37.03852227644748
동천초등학교,대구광역시 수성구 상록로16길 20 (범어동),6,5,64,18,13.5,0,35.86584544,128.6252838,36.68,426.0,범어동,71579,11095,13,15.5,33.635721592401616
동촌성모유치원,대구광역시 동구 해동로 219 (검사동),1,0,12,2,15.0,0,35.88620992,128.6533618,37.55,17.0,동촌동,14249,863,14,6.06,36.86810699720735
동평초등학교,대구광역시 북구 동천로 84 (동천동),1,3,19,6,11.0,1,35.93900093,128.5608217,29.97,478.0,동천동,25585,2507,13,9.8,44.817831174310776
동학어린이집,대구광역시 남구 자유5길 16 (대명동),3,4,24,11,7.0,0,35.83750833,128.5840424,35.31,0.0,대명동,86443,4318,0,5.0,33.07118578815783
동해유치원,대구광역시 달서구 장기로 50 (성당동),2,2,14,3,25.0,0,35.8432168,128.5549372,30.44,0.0,성당동,20919,1652,12,7.9,35.729644683679076
동호어린이집,대구광역시 동구 안심로51길 120 (동호동),0,0,0,0,8.0,0,35.871609,128.713137,44.54,0.0,국우동,30174,3460,18,11.47,39.830083691136004
두류초등학교,대구광역시 서구 달구벌대로357길 22 (내당동),13,5,13,21,8.0,0,35.8616275,128.559932,30.86,477.8,내당동,32137,1704,4,5.3,32.158927738267735
두산초등학교,대구광역시 수성구 동대구로6길 31 (지산동),6,8,45,13,9.0,0,35.83259685,128.6260882,47.09,206.6,지산동,37797,2415,7,6.39,32.3869057027351
드림아이유치원,대구광역시 달성군 다사읍 매곡로 92 ,0,0,0,0,18.0,0,35.86816274,128.4557523,40.57,0.0,다사읍,90377,14360,2,15.89,46.56574008255475
드림유치원,대구광역시 남구 대봉로30길 36-8 (이천동),0,0,0,0,8.0,0,35.85170781,128.6051265,41.53,0.0,이천동,13922,1316,4,9.45,42.537174490749955
들안길초등학교,대구광역시 수성구 들안로16길 58 (두산동),11,11,79,23,13.0,1,35.83886793,128.618451,33.37,538.6,두산동,14729,1393,14,9.46,32.51899889986151
라온어린이집,대구광역시 달서구 조암남로14길 57 (월성동),1,0,3,2,8.0,2,35.82332367,128.525094,32.97,0.0,월성동,53940,7201,24,13.35,50.181227709204364
라온제나어린이집,대구광역시 북구 도남길 33-9 (국우동),0,0,0,0,6.0,0,35.9522319,128.5800568,44.54,0.0,국우동,30174,3460,0,11.47,45.07186318823465
롯데가야유치원,"대구광역시 달서구 대명천로 101 (본리동, 본리 롯데캐슬)",2,2,24,8,15.0,0,35.83903418,128.5471926,32.6,0.0,본리동,22460,2763,20,12.3,32.39565719942851
룸비니유치원,대구광역시 남구 대명남로 140 (대명동),4,3,26,3,13.0,0,35.83497147,128.5737033,35.31,71.0,대명동,86443,4318,14,5.0,33.34678090718135
리더스유치원,대구광역시 북구 학정동로13길 12 (학정동),5,16,37,15,8.0,1,35.9502955,128.5665514,44.54,0.0,국우동,30174,3460,26,11.47,28.17686930427677
리라어린이집,대구광역시 북구 대현로21길 52 (대현동),1,1,3,2,6.0,1,35.88471833,128.6079209,35.87,0.0,대현동,15745,1007,11,6.4,43.68521352563485
리라유치원,대구광역시 달서구 앞산순환로 225 (송현동),1,2,5,0,35.0,0,35.82397008,128.5537072,32.11,0.0,송현동,34671,1819,4,5.25,39.97401777097084
리리유치원,대구광역시 수성구 신천동로34길 19 (중동),3,2,22,7,8.0,0,35.84040378,128.608955,33.28,0.0,중동,14475,1750,8,12.09,35.79306793989458
리오바어린이집,대구광역시 수성구 달구벌대로528길 15 (만촌동),1,0,0,4,15.0,0,35.8552529,128.6496113,39.84,0.0,만촌동,53419,6265,6,11.73,41.85315116992919
마리아유치원,대구광역시 수성구 범어천로 90 (범어동),4,16,60,14,16.5,1,35.85676822,128.6229808,36.68,101.2,범어동,71579,11095,15,15.5,32.37637820685494
마야유치원,대구광역시 달서구 상인로26길 20 (상인동),1,1,8,5,10.0,0,35.81770549,128.5459171,36.08,0.0,상인동,60234,4622,8,7.67,36.84727034814484
만촌아이숲유치원,대구광역시 수성구 달구벌대로522길 166 (만촌동),2,2,8,0,6.0,0,35.851383,128.6441543,39.84,0.0,만촌동,53419,6265,0,11.73,42.42338773723277
만촌어린이집,대구광역시 수성구 만촌로14길 11-2 (만촌동),1,2,9,2,8.0,0,35.865971,128.644057,39.84,0.0,만촌동,53419,6265,18,11.73,36.46821260150485
만촌초등학교,대구광역시 수성구 국채보상로214길 33 (만촌동),5,4,39,14,8.0,0,35.86669044,128.6479211,39.84,27.8,만촌동,53419,6265,11,11.73,32.20440140757047
매곡초등학교,대구광역시 달성군 다사읍 대실역북로3길 6 ,0,0,0,0,20.0,0,35.86224983,128.4681199,40.57,66.2,다사읍,90377,14360,9,15.89,45.29273258264047
매동초등학교,대구광역시 수성구 천을로31길 16 (매호동),2,4,32,9,10.0,0,35.84521248,128.709212,41.83,104.0,고산동,87407,8926,7,10.21,36.221441570042856
매천초등학교,대구광역시 북구 매천로 179 (매천동),4,6,39,3,12.0,0,35.91332533,128.5410377,59.66,44.5,관문동,33060,4459,6,13.49,42.1914718298037
매호초등학교,대구광역시 수성구 달구벌대로647길 30 (매호동),4,3,74,22,12.5,1,35.841593,128.7121173,41.83,116.6,고산동,87407,8926,11,10.21,37.22527216806847
메이플유치원,"대구광역시 북구 영송로 85 (태전동, 한신중앙아파트)",0,0,0,0,5.0,1,35.93279502,128.5426122,42.48,0.0,태전동,43857,3081,10,7.03,47.15507848859023
멘사창의유치원,대구광역시 달서구 송현로8길 92 (송현동),2,2,9,3,9.0,0,35.82557,128.5515,32.11,0.0,송현동,34671,1819,2,5.25,36.62720504237246
명곡초등학교,대구광역시 달성군 화원읍 명곡로 40 ,2,0,0,0,11.0,0,35.79667071,128.4961175,49.99,0.0,화원읍,46114,3740,8,8.11,43.13795772867494
명덕초등학교,대구광역시 중구 남산로2길 125 (남산동),12,10,88,23,9.5,0,35.85754073,128.5890267,33.32,155.75,남산동,34268,4017,7,11.72,24.19408084309105
명지유치원,대구광역시 달서구 월배로28길 84 (진천동),4,2,10,7,6.0,0,35.81332941,128.5329179,30.92,0.0,진천동,49707,5016,2,10.09,36.588102747824585
모란어린이집,대구광역시 수성구 지산로3길 115 (두산동),3,3,13,4,8.0,0,35.82497799,128.626288,33.37,0.0,두산동,14729,1393,22,9.46,31.310388811844497
무산유치원,대구광역시 동구 경안로103길 31 (서호동),6,4,20,17,8.0,1,35.868034,128.712183,45.96,0.0,안심동,101173,10230,3,10.11,42.568636856367526
무열대유치원,대구광역시 수성구 무열로 56 (만촌동),1,0,4,0,14.0,0,35.86333136,128.6518315,39.84,0.0,만촌동,53419,6265,0,11.73,44.71136745487048
무지개어린이집,대구광역시 달서구 감삼남2길 108 (감삼동),2,2,7,2,6.0,1,35.845311,128.5424424,34.48,0.0,감삼동,30507,3624,9,11.88,45.34874030015995
무지개어린이집,대구광역시 북구 칠곡중앙대로77길 28 (태전동),0,0,0,0,8.0,0,35.9230893,128.5411962,42.48,0.0,태전동,43857,3081,3,7.03,42.09543954597257
무지개유치원,대구광역시 수성구 용학로 197 (지산동),1,1,12,0,16.5,2,35.844469,128.692702,41.83,142.0,고산동,87407,8926,5,10.21,58.69332428863404
무태어린이집,대구광역시 북구 서변로3길 79-8 (서변동),8,5,27,2,4.0,0,35.92329453,128.5957434,44.37,0.0,무태조야동,33500,3694,10,11.03,36.557692741109335
문성초등학교,대구광역시 북구 복현로 180 (복현동),6,5,33,4,12.0,0,35.9058108,128.6203544,37.46,1.75,복현동,35769,3057,11,8.55,33.51821877353797
문화어린이집,대구광역시 달서구 송현로7길 51-16 (상인동),3,0,10,3,6.0,0,35.81851,128.5473,36.08,0.0,상인동,60234,4622,7,7.67,37.92297745902295
문화유치원,대구광역시 달서구 월배로83길 120-11 (송현동),3,2,10,4,6.0,0,35.83264361,128.5452448,32.11,0.0,송현동,34671,1819,11,5.25,33.200721073633574
미래유치원,"대구광역시 북구 팔거천동로 104 (동천동, 칠곡2차보성서한타운)",0,0,0,0,25.0,0,35.93270726,128.5563899,29.97,0.0,동천동,25585,2507,15,9.8,38.37577002889427
미리내어린이집,대구광역시 달서구 감삼길 99 (감삼동),0,0,0,0,10.0,1,35.84998499,128.5433046,34.48,0.0,감삼동,30507,3624,5,11.88,49.23016289757977
미소담어린이집,대구광역시 북구 매전로4길 10-20 (매천동),6,2,27,9,12.0,0,35.90807568,128.5425981,59.66,0.0,관문동,33060,4459,7,13.49,42.52204386492646
미술관유치원,대구광역시 북구 학남로1길 2-11 (학정동),0,0,0,0,8.0,1,35.9490276,128.5662986,44.54,0.0,국우동,30174,3460,20,11.47,46.72402308507541
미키월드랜드어린이집,대구광역시 동구 동촌로45길 39 (방촌동),2,0,8,0,4.0,0,35.88328972,128.669149,38.96,0.0,방촌동,17161,965,0,5.62,40.792566482383506
박애어린이집,대구광역시 남구 대명서2길 45 (대명동),0,0,0,0,8.0,0,35.83199279,128.5626801,35.31,0.0,대명동,86443,4318,5,5.0,38.95057924549917
반디어린이집,대구광역시 북구 학정동로 84 (학정동),12,3,32,7,8.0,1,35.9512033,128.5682272,44.54,0.0,국우동,30174,3460,15,11.47,42.53551416408985
반디유치원,대구광역시 북구 관음동로32길 6-13 (읍내동),1,3,7,2,6.0,0,35.9461262,128.5477343,37.86,0.0,읍내동,24123,1772,4,7.35,37.72957431360695
반송초등학교,대구광역시 달성군 옥포읍 용연사길 5 ,3,1,18,4,6.0,0,35.75661793,128.4946927,65.3,2.4,옥포읍,23013,2633,2,11.44,46.66494058701775
반야유치원,대구광역시 남구 장전1길 92 (대명동),2,3,21,8,8.0,0,35.84023286,128.5760702,35.31,0.0,대명동,86443,4318,8,5.0,32.51851325852665
백설어린이집,대구광역시 달성군 화원읍 비슬로502길 14 ,1,1,12,2,5.0,0,35.799048,128.4921745,49.99,0.0,화원읍,46114,3740,23,8.11,36.10179098066191
백합어린이집,대구광역시 중구 남산로4길 111 (남산동),1,0,12,0,10.5,0,35.86232188,128.5860582,33.32,0.0,남산동,34268,4017,2,11.72,41.78867523389729
범물초등학교,대구광역시 수성구 지범로41길 33 (범물동),3,5,48,14,13.5,0,35.82148442,128.6448572,36.31,88.8,범물동,25742,1884,9,7.32,30.31432657483672
범어유치원,대구광역시 수성구 국채보상로186길 121 (범어동),1,2,8,5,8.0,0,35.86301225,128.634317,36.68,0.0,범어동,71579,11095,5,15.5,40.21093679870975
범어초등학교,대구광역시 수성구 달구벌대로489길 55 (범어동),6,7,53,9,10.0,0,35.86056415,128.6334733,36.68,156.8,범어동,71579,11095,10,15.5,33.85250151817331
범일초등학교,대구광역시 수성구 범안로4길 22 (범물동),4,5,38,14,10.0,0,35.81631492,128.6388291,36.31,48.8,범물동,25742,1884,6,7.32,30.934415923731233
별하나어린이집,대구광역시 수성구 파동로51길 64 (파동),1,0,7,3,8.0,0,35.82268246,128.608831,56.38,0.0,파동,15236,1538,7,10.09,44.126036552259194
보나유치원,대구광역시 중구 남산로7길 86 (남산동),2,0,0,0,9.0,0,35.860456,128.579243,33.32,0.0,남산동,34268,4017,8,11.72,40.37166661118176
보노유치원,대구광역시 수성구 국채보상로 955-2 (만촌동),2,1,15,0,17.0,0,35.86791183,128.6353033,39.84,34.2,만촌동,53419,6265,16,11.73,39.371290831385565
보물섬어린이집,대구광역시 남구 대명로49길 9-5 (대명동),2,3,14,4,8.0,2,35.84228388,128.5824945,35.31,0.0,대명동,86443,4318,15,5.0,47.05773727438618
보성은하유치원,"대구광역시 달서구 월곡로 320 (상인동, 보성은하아파트)",0,0,0,0,20.0,4,35.82358041,128.5342978,36.08,0.6,상인동,60234,4622,10,7.67,69.97629723450022
복명초등학교,대구광역시 수성구 범안로20길 8 (범물동),4,5,28,8,10.0,1,35.817658,128.647227,36.31,49.2,범물동,25742,1884,21,7.32,36.360090606445766
복현초등학교,대구광역시 북구 공항로 58 (복현동),3,4,44,5,20.0,0,35.8976053,128.6215383,37.46,48.0,복현동,35769,3057,13,8.55,33.984813147616045
본영어린이집,대구광역시 달서구 와룡로2길 16 (본동),2,0,12,3,8.0,0,35.83380938,128.5385895,30.61,0.0,본동,11728,721,8,6.15,35.81393731921015
봄어린이집,대구광역시 동구 동촌로11길 5 (입석동),4,2,10,1,6.0,0,35.889957,128.649666,37.55,0.0,동촌동,14249,863,8,6.06,36.74245417106357
봉덕초등학교,대구광역시 남구 효성로 71 (봉덕동),8,10,107,15,11.5,1,35.83968058,128.5968435,37.09,260.2,봉덕동,35397,2674,12,7.55,32.40222807364215
북구어린이집,대구광역시 북구 환성정길 17-2 (서변동),0,0,0,0,4.0,0,35.922829,128.5945198,44.37,0.0,무태조야동,33500,3694,9,11.03,41.91407195379695
북대구초등학교,대구광역시 북구 동북로37길 68 (산격동),11,8,42,17,9.0,1,35.90328558,128.6095652,35.18,7.25,산격동,33037,1409,9,4.26,32.45638578607947
북부초등학교,대구광역시 북구 동천로 20 (동천동),0,0,0,0,22.0,0,35.9334558,128.559215,29.97,273.0,동천동,25585,2507,14,9.8,40.98011597628805
북비산초등학교,대구광역시 서구 통학로48길 7 (비산동),14,7,22,11,14.0,0,35.88154552,128.5645921,35.36,87.4,비산동,44837,1740,9,3.88,29.70768112909607
비봉초등학교,대구광역시 서구 달서로45길 30 (비산동),16,4,12,14,10.0,0,35.88276492,128.568631,35.36,179.2,비산동,44837,1740,3,3.88,33.32378796260748
비슬향유치원,대구광역시 달성군 현풍읍 현풍동로22길 17 ,0,0,0,0,6.0,0,35.70048137,128.4508896,56.15,0.0,현풍읍,21728,2523,0,11.61,47.917470732846425
비안네유치원,대구광역시 수성구 달구벌대로650길 81 (욱수동),2,2,12,3,6.0,1,35.831299,128.708749,41.83,0.4,고산동,87407,8926,5,10.21,47.092116987849394
사과나무유치원,대구광역시 동구 아양로8길 31-4 (신암동),0,0,0,0,6.0,0,35.87987577,128.620657,34.16,0.0,신암동,59668,6097,12,10.22,38.4391059226661
사랑마을어린이집,대구광역시 달서구 진천로10길 12 (진천동),1,1,5,3,8.0,0,35.81303824,128.5253691,30.92,0.0,진천동,49707,5016,21,10.09,33.23527114084206
사랑마을유치원,대구광역시 달서구 상화북로 7 (진천동),0,0,0,0,8.0,0,35.80997304,128.527573,30.92,0.0,진천동,49707,5016,10,10.09,38.42724933398847
사랑숲유치원,"대구광역시 수성구 용학로 272 (범물동, 범물창신태성한라맨션)",2,2,26,2,15.0,0,35.82049947,128.6393843,36.31,2.4,범물동,25742,1884,16,7.32,34.42639245961947
사랑어린이집,대구광역시 북구 칠곡중앙대로126길 3 (읍내동),0,0,0,0,11.0,0,35.9511061,128.553947,37.86,0.0,읍내동,24123,1772,11,7.35,39.009046556416834
사랑유치원,대구광역시 달서구 야외음악당로41길 68 (두류동),0,0,0,0,6.0,0,35.8568666,128.5560843,32.95,0.0,두류동,23121,1384,4,5.99,38.8718975283736
사수초등학교,대구광역시 북구 내곡로 124 (사수동),3,4,30,2,24.0,0,35.90014717,128.5152503,59.66,4.75,관문동,33060,4459,8,13.49,44.4843498879695
사월초등학교,대구광역시 수성구 달구벌대로656길 46 (신매동),1,2,20,6,18.5,0,35.83405266,128.7150423,45.96,67.6,안심동,101173,10230,9,10.11,39.933019925199325
산격초등학교,대구광역시 북구 산격로10길 14 (산격동),4,3,41,10,7.0,1,35.89455033,128.6063965,35.18,65.25,산격동,33037,1409,11,4.26,37.69935026658945
산돌유치원,대구광역시 동구 방촌로17길 26 (방촌동),2,1,6,2,10.0,0,35.88621,128.6637,38.96,0.0,방촌동,17161,965,0,5.62,40.2326556319825
삼덕어린이집,대구광역시 수성구 청호로46길 5-2 (황금동),2,0,7,2,6.5,0,35.83869544,128.6407496,42.36,13.0,황금동,33031,4123,4,12.48,42.926288556723726
삼덕유치원,대구광역시 수성구 지범로48길 27 (범물동),3,3,21,5,10.0,0,35.81448071,128.6438055,36.31,0.0,범물동,25742,1884,4,7.32,36.116449010921734
삼덕초등학교,대구광역시 중구 달구벌대로447길 10 (삼덕동3가),3,5,29,4,6.0,0,35.863588,128.6078431,30.23,32.0,삼덕동,7113,634,10,8.91,32.06795713819463
삼성유치원,대구광역시 북구 동암로 21-19 (읍내동),7,6,41,8,12.0,0,35.9474763,128.5535989,37.86,0.0,읍내동,24123,1772,11,7.35,30.78287501800629
삼영초등학교,대구광역시 북구 내곡로 63 (사수동),0,0,0,0,18.0,0,35.901614,128.5096883,59.66,0.0,관문동,33060,4459,8,13.49,48.36899367722723
삼육초등학교,대구광역시 수성구 청수로 22-23 (중동),1,1,13,4,6.5,0,35.83976557,128.610697,33.28,36.6,중동,14475,1750,14,12.09,36.21218743296715
상동어린이집,대구광역시 수성구 수성로32길 139 (상동),4,1,10,2,6.0,0,35.835277,128.612646,32.21,2.2,상동,14336,961,11,6.7,35.12052844812493
상록수어린이집,대구광역시 달서구 월배로23길 51 (진천동),2,0,8,3,8.0,1,35.81687806,128.5253391,30.92,0.0,진천동,49707,5016,16,10.09,42.73523574010572
상원어린이집,대구광역시 달서구 조암로 89-23 (월성동),0,0,0,0,8.0,0,35.82250939,128.5216688,32.97,2.8,월성동,53940,7201,10,13.35,40.25738209398347
상원초등학교,대구광역시 달서구 월곡로20길 15 (상인동),7,7,36,11,8.0,1,35.80636651,128.5506746,36.08,0.0,상인동,60234,4622,14,7.67,35.257911357562946
상인초등학교,대구광역시 달서구 월곡로 211 (상인동),3,3,26,10,8.0,2,35.81293412,128.5426752,36.08,8.2,상인동,60234,4622,15,7.67,45.83421403262172
상지유치원,대구광역시 서구 달서로 33 (내당동),7,2,20,7,8.0,0,35.86586634,128.5703329,30.86,0.0,내당동,32137,1704,15,5.3,30.45386531336093
상화유치원,"대구광역시 달서구 상인서로 76 (상인동, 상인영남화성타운)",2,1,13,3,15.0,2,35.81756,128.5432,36.08,0.0,상인동,60234,4622,9,7.67,52.50917674558513
새나래어린이집,"대구광역시 북구 경대로7길 60 (대현동, 성지무궁화아파트)",1,2,7,2,6.0,1,35.88612053,128.6079182,35.87,0.0,대현동,15745,1007,3,6.4,45.29754006202681
새동변어린이집,대구광역시 북구 동변로18길 25 (동변동),1,1,10,2,10.0,0,35.9204179,128.6060865,44.37,0.0,무태조야동,33500,3694,8,11.03,41.09644374287484
새솔유치원,"대구광역시 북구 동암로7길 39 (읍내동, 칠곡한서타운)",1,2,7,7,8.0,0,35.94955113,128.5555721,37.86,0.0,읍내동,24123,1772,4,7.35,36.9006736043871
서대구공단어린이집,대구광역시 서구 평리로35길 10 (중리동),7,1,12,4,12.0,0,35.860846,128.5435966,50.57,0.0,상중이동,17613,1248,13,7.09,38.93934483980041
서대구초등학교,대구광역시 서구 서대구로63길 28-13 (비산동),13,4,26,14,20.0,0,35.8894468,128.5577335,35.36,80.6,비산동,44837,1740,19,3.88,27.93848843805359
서도초등학교,대구광역시 서구 평리로 395 (평리동),19,9,25,14,21.0,0,35.86727153,128.5653531,35.23,167.2,평리동,57243,5135,17,8.97,28.41920690579769
서동초등학교,대구광역시 달성군 다사읍 서재로7길 55 ,3,2,19,0,22.0,0,35.871804,128.4884318,40.57,204.0,다사읍,90377,14360,2,15.89,46.81157088704097
서변초등학교,대구광역시 북구 호국로43길 35 (서변동),7,6,37,7,12.0,0,35.92075558,128.5950281,44.37,664.0,무태조야동,33500,3694,10,11.03,41.023384365828534
서부초등학교,대구광역시 서구 달서로26길 25 (비산동),15,7,25,23,13.0,0,35.87387969,128.5737138,35.36,49.6,비산동,44837,1740,15,3.88,23.280095858998333
서재성모유치원,대구광역시 달성군 다사읍 서재로20길 28-1 ,0,0,0,0,7.0,0,35.870784,128.4999385,40.57,0.0,다사읍,90377,14360,2,15.89,45.3955273165973
서평초등학교,대구광역시 서구 서대구로45길 60 (평리동),10,1,2,1,8.0,1,35.8782122,128.547905,35.23,5.8,평리동,57243,5135,16,8.97,43.69811647683447
선원초등학교,대구광역시 달서구 선원로33길 105 (용산동),3,2,19,5,12.0,0,35.86108823,128.5155245,33.27,83.4,용산동,54353,3961,3,7.29,37.408814640021646
선혜유치원,대구광역시 달서구 선원로57길 17 (용산동),5,1,16,3,8.0,0,35.86008631,128.5236318,33.27,0.0,용산동,54353,3961,11,7.29,35.19035635224411
성곡초등학교,대구광역시 달서구 선원남로 127 (이곡동),2,8,33,13,25.0,0,35.85809784,128.5135151,34.32,0.0,이곡동,34996,2224,8,6.36,29.28357291705167
성당초등학교,대구광역시 달서구 대명천로 118 (본리동),4,3,35,8,15.0,1,35.840575,128.5472918,32.6,19.6,본리동,22460,2763,18,12.3,39.55083503250275
성동초등학교,대구광역시 수성구 청수로45길 27 (황금동),3,4,25,7,13.0,2,35.8409043,128.6322828,42.36,245.0,황금동,33031,4123,3,12.48,56.13993501434816
성명초등학교,대구광역시 남구 성당로30길 55 (대명동),8,14,43,7,10.0,1,35.84515216,128.5708254,35.31,168.8,대명동,86443,4318,14,5.0,32.46366595305395
성모유치원,대구광역시 중구 남산로4길 78 (남산동),3,1,25,9,10.5,0,35.86070072,128.5857647,33.32,0.0,남산동,34268,4017,4,11.72,36.95013799232267
성북초등학교,대구광역시 북구 호국로57길 42 (서변동),4,3,32,5,12.0,0,35.92641014,128.5942114,44.37,125.25,무태조야동,33500,3694,8,11.03,39.23341842964168
성산어린이집,대구광역시 서구 옥산로6길 9 (원대동3가),3,4,11,7,8.0,0,35.885754,128.578864,29.51,0.0,원대동,10180,687,12,6.75,30.7921759381524
성산초등학교,대구광역시 달서구 선원남로 173 (용산동),0,0,0,0,25.0,1,35.85789855,128.5189229,33.27,246.2,용산동,54353,3961,10,7.29,49.53777835313311
성서어린이집,대구광역시 달서구 성서서로 89 (월암동),2,1,10,0,18.0,0,35.83312,128.4999,32.97,0.0,월성동,53940,7201,5,13.35,41.717197116942515
성서예능어린이집,대구광역시 달서구 달구벌대로283길 26 (장기동),0,0,0,0,20.0,0,35.85195,128.5227,38.33,0.0,장기동,15597,1358,14,8.71,39.7171327624821
성서초등학교,대구광역시 달서구 달구벌대로 1339 (이곡동),3,3,16,3,50.0,0,35.85196007,128.5144445,34.32,36.2,이곡동,34996,2224,16,6.36,37.11910634072521
세계어린이집,대구광역시 달성군 다사읍 매곡로4길 36 ,0,0,0,0,18.0,0,35.86500199,128.4542579,40.57,0.0,다사읍,90377,14360,0,15.89,47.17180068861535
세계제일어린이집,대구광역시 북구 복현로20길 73-1 (복현동),3,3,11,1,8.0,0,35.90617,128.6213,37.46,0.0,복현동,35769,3057,12,8.55,36.0508960889164
세원어린이집,대구광역시 동구 효목로17길 50 (효목동),2,1,15,3,8.0,0,35.881853,128.640146,34.53,0.0,효목동,25725,1461,6,5.68,36.40762440639121
세종유치원,대구광역시 달성군 다사읍 다사로4길 1 ,0,0,0,0,12.0,0,35.86461,128.4603,40.57,0.0,다사읍,90377,14360,10,15.89,43.5031997859719
세화유치원,대구광역시 서구 서대구로5길 56 (내당동),6,4,15,6,12.0,0,35.86000712,128.5504904,30.86,0.0,내당동,32137,1704,2,5.3,34.1357693607949
소망어린이집,대구광역시 달서구 앞산순환로61길 68 (송현동),3,3,11,5,8.0,0,35.83077848,128.5588127,32.11,0.0,송현동,34671,1819,9,5.25,33.01448533184504
소명어린이집,대구광역시 동구 율하동로28길 39 (신기동),1,1,6,3,8.0,0,35.871458,128.7070186,45.96,0.0,안심동,101173,10230,5,10.11,41.65844852445023
소원어린이집,대구광역시 동구 아양로52길 17 (효목동),1,1,4,2,7.0,0,35.88666,128.6406,34.53,0.0,효목동,25725,1461,11,5.68,35.633441937438405
소원유치원,대구광역시 동구 아양로42길 12 (효목동),2,1,12,1,8.0,0,35.885493,128.6366879,34.53,0.0,효목동,25725,1461,8,5.68,36.608417382885115
솔리유치원,대구광역시 달서구 조암남로19길 11 (월성동),0,0,0,0,8.0,1,35.81935795,128.5229983,32.97,0.0,월성동,53940,7201,15,13.35,46.215354019031615
송일초등학교,대구광역시 달서구 학산로2길 38 (월성동),2,4,25,7,15.0,4,35.82411883,128.5328131,32.97,71.0,월성동,53940,7201,13,13.35,64.74605061012319
송현초등학교,대구광역시 달서구 송현로 128 (송현동),7,8,36,20,20.0,0,35.82868737,128.5448304,32.11,0.2,송현동,34671,1819,13,5.25,23.787655319610714
수성어린이집,대구광역시 수성구 명덕로76길 80-1 (수성동1가),1,1,10,1,8.0,0,35.851047,128.611237,35.25,230.6,수성동,40632,3829,11,9.42,39.68297554390858
수성영희어린이집,대구광역시 수성구 신천동로86길 25 (수성동4가),2,1,16,4,7.0,0,35.86168383,128.6117861,35.25,1.6,수성동,40632,3829,19,9.42,33.67385766835309
수성유치원,대구광역시 수성구 신천동로96길 45 (수성동4가),3,2,14,4,8.0,0,35.86477932,128.6161398,35.25,0.0,수성동,40632,3829,18,9.42,33.5363708598604
수성초등학교,대구광역시 수성구 상화로5길 40 (상동),4,2,37,13,7.5,0,35.83721988,128.6105947,32.21,0.0,상동,14336,961,13,6.7,29.09957610350613
수창초등학교,대구광역시 중구 달성로22길 30 (수창동),7,12,77,30,18.5,0,35.8742603,128.5834453,29.56,426.5,성내동,25759,3336,11,12.95,23.060157470711655
수피아어린이집,대구광역시 동구 메디밸리로8길 11 (사복동),0,0,0,0,12.0,0,35.87587974,128.75082,45.96,0.0,안심동,101173,10230,8,10.11,43.08026336202863
수피아유치원,대구광역시 동구 메디밸리로8길 11 (사복동),0,0,0,0,12.0,0,35.87587974,128.75082,45.96,0.0,안심동,101173,10230,8,10.11,43.08026336202863
숙천초등학교,대구광역시 동구 숙천로 17 (숙천동),4,4,50,3,8.0,0,35.87632564,128.7530358,29.56,51.5,성내동,25759,3336,8,12.95,34.51437008722263
숲속예은유치원,대구광역시 달성군 다사읍 죽곡2길 35 ,0,0,0,0,12.0,0,35.85542956,128.4625278,40.57,0.0,다사읍,90377,14360,6,15.89,44.71532099809311
스카이유치원,대구광역시 달서구 당산로 12 (본리동),2,1,11,2,20.0,0,35.8386,128.5451,32.6,0.0,본리동,22460,2763,15,12.3,37.67520024371106
스콜라유치원(구프뢰벨유치원),대구광역시 남구 앞산순환로 467 (대명동),2,3,17,2,12.0,0,35.83248149,128.5760583,35.31,2.8,대명동,86443,4318,4,5.0,36.36995883319229
스탠포드어린이집,대구광역시 달성군 논공읍 논공로5길 198 ,0,0,0,0,14.0,0,35.73015484,128.446495,58.89,0.0,논공읍,15484,1082,11,6.99,44.23593677014077
시지아이숲유치원,대구광역시 수성구 달구벌대로625길 25 (시지동),2,1,37,6,16.5,0,35.84429531,128.6994139,41.83,28.8,고산동,87407,8926,9,10.21,38.22639785980487
시지어린이집,대구광역시 수성구 고산로 160-15 (매호동),1,1,8,3,11.0,0,35.84478308,128.707746,41.83,43.4,고산동,87407,8926,10,10.21,39.83354342252782
시지초등학교,대구광역시 수성구 달구벌대로631길 17 (매호동),4,4,53,10,15.0,0,35.843725,128.7031926,41.83,0.0,고산동,87407,8926,7,10.21,34.4404424979559
신당초등학교,대구광역시 달서구 서당로 14 (신당동),2,2,16,7,20.0,1,35.85329967,128.496288,35.93,291.6,신당동,28363,1379,18,4.86,42.3484522357454
신매초등학교,대구광역시 수성구 달구벌대로650길 26 (신매동),3,4,37,18,14.5,1,35.83660884,128.709212,45.96,297.2,안심동,101173,10230,13,10.11,41.95485217844835
신명유치원,대구광역시 북구 동변로20길 15 (동변동),4,8,18,3,3.0,0,35.9219255,128.6020137,44.37,0.0,무태조야동,33500,3694,10,11.03,34.66353717671615
신서초등학교,대구광역시 달서구 계대동문로3길 46 (신당동),12,6,30,11,10.0,1,35.85799273,128.4947454,35.93,123.4,신당동,28363,1379,12,4.86,37.00075198359103
신세계유치원,대구광역시 수성구 신천동로62길 17 (수성동1가),1,2,9,3,8.0,0,35.852548,128.6099755,35.25,0.0,수성동,40632,3829,10,9.42,36.527591477249246
신솔정유치원,대구광역시 달성군 옥포읍 비슬로455길 24 ,2,3,19,10,12.0,0,35.791737,128.4687743,65.3,0.0,옥포읍,23013,2633,8,11.44,42.1652906179563
신암초등학교,대구광역시 북구 경대로 21 (대현동),5,3,49,1,22.0,0,35.88376396,128.6116222,35.87,5.5,대현동,15745,1007,14,6.4,33.964844141636334
신영유치원,대구광역시 달성군 논공읍 논공로17길 14 ,0,0,0,0,8.0,0,35.72964561,128.4429589,58.89,0.0,논공읍,15484,1082,7,6.99,44.80976010992156
신월초등학교,대구광역시 달서구 조암남로 100 (월성동),8,3,27,9,20.0,1,35.82059631,128.5224969,32.97,0.0,월성동,53940,7201,14,13.35,41.65829782375211
신흥초등학교,대구광역시 달서구 두류공원로 257 (두류동),5,5,33,6,8.0,0,35.85636069,128.5563354,32.95,69.8,두류동,23121,1384,7,5.99,32.17851074270033
싱어송유치원,대구광역시 동구 신서로 71-52 (각산동),1,0,4,1,4.0,0,35.875051,128.721113,45.96,0.0,안심동,101173,10230,4,10.11,42.92107152317881
썸머힐어린이집,대구광역시 달서구 조암남로27길 10 (대천동),1,1,4,0,8.0,3,35.81744454,128.5194445,32.97,0.0,월성동,53940,7201,18,13.35,59.49434722209023
아름그루 유치원,대구광역시 남구 효동길 91 (봉덕동),0,0,0,0,7.0,0,35.83634242,128.6010992,37.09,0.0,봉덕동,35397,2674,8,7.55,39.388025574347346
아름다운유치원,대구광역시 동구 동호로2길 37-17 (동호동),3,1,14,3,8.0,0,35.86536,128.7245,44.54,0.0,국우동,30174,3460,12,11.47,39.36905990184119
아이러브유치원,대구광역시 북구 구암로60길 45-14 (구암동),2,2,11,2,8.0,0,35.9382737,128.5688728,31.82,0.0,구암동,31652,2815,6,8.89,36.94243006116366
아이린유치원,대구광역시 남구 효동길 14 (봉덕동),1,2,14,3,10.0,1,35.83962775,128.5996262,37.09,0.0,봉덕동,35397,2674,11,7.55,43.39387799395002
아이별어린이집,대구광역시 북구 고성로34길 63 (고성동2가),0,0,0,0,7.0,0,35.8799004,128.5868329,32.37,0.0,고성동,12756,2189,11,17.16,41.20881967941325
아이비어린이집,대구광역시 중구 남산로3안길 20 (남산동),2,1,7,3,8.0,0,35.80990595,128.5243747,30.92,0.0,진천동,49707,5016,11,10.09,36.17211622721985
아이비어린이집,대구광역시 달서구 진천로3길 31 (진천동),2,2,10,0,8.0,0,35.80990595,128.5243747,30.92,0.0,진천동,49707,5016,11,10.09,36.406929311332
아이성어린이집,대구광역시 서구 국채보상로83길 49 (비산동),5,3,9,1,6.0,0,35.8756384,128.5761491,35.36,0.0,비산동,44837,1740,1,3.88,36.88273707577354
아이세상유치원,대구광역시 달서구 선원로37남길 13 (이곡동),5,1,16,6,8.0,0,35.85954502,128.5133311,34.32,0.0,이곡동,34996,2224,7,6.36,35.28081843848192
아이엠어린이집,대구광역시 달성군 다사읍 다사로 103-8 ,0,0,0,0,12.0,0,35.86947794,128.4568706,40.57,0.0,다사읍,90377,14360,2,15.89,45.92744221021432
아이위드유치원,대구광역시 달서구 장기로 173 (본리동),1,1,16,3,15.0,4,35.84256383,128.5420251,32.6,0.0,본리동,22460,2763,13,12.3,67.18236776300822
아이캔유치원,대구광역시 달서구 비슬로 2728-16 (대곡동),2,2,11,3,10.0,0,35.80876662,128.5148179,30.92,0.0,진천동,49707,5016,14,10.09,34.663875387725284
아인슈타인어린이집,대구광역시 북구 동천로 5-13 (동천동),3,2,23,4,12.0,0,35.93229877,128.5569404,29.97,0.0,동천동,25585,2507,18,9.8,32.4256007079256
아인유치원,대구광역시 동구 화랑로 558 (용계동),1,0,2,0,30.0,0,35.87433428,128.684644,45.96,0.0,안심동,101173,10230,4,10.11,46.11382024724588
아일랜드유치원,대구광역시 수성구 국채보상로 990-10 (범어동),3,3,12,1,6.0,0,35.86539414,128.638346,36.68,0.0,범어동,71579,11095,10,15.5,39.0044367715943
안드레아유치원,대구광역시 달성군 현풍읍 현풍동로 10 ,1,3,26,14,12.0,0,35.6922568,128.4482242,56.15,0.0,현풍읍,21728,2523,7,11.61,38.67793654628003
어울림유치원,대구광역시 달성군 다사읍 매곡로4길 26-1 ,2,1,4,4,9.0,0,35.86444559,128.4552346,40.57,0.0,다사읍,90377,14360,2,15.89,43.46304405286031
에벤에셀유치원,대구광역시 동구 금강로16길 25-12 (신서동),3,1,7,7,8.0,0,35.86436912,128.732369,45.96,0.0,안심동,101173,10230,0,10.11,41.79353773430579
에트라움어린이집,대구광역시 북구 학남로1길 29 (학정동),0,0,0,0,9.0,0,35.951241,128.566044,44.54,0.0,국우동,30174,3460,18,11.47,39.93646666985941
엘리트어린이집,대구광역시 북구 칠곡중앙대로43길 13 (태전동),5,3,23,8,4.0,0,35.9150239,128.546879,42.48,0.0,태전동,43857,3081,12,7.03,33.32620188199937
엘키즈유치원,대구광역시 달성군 화원읍 성천로42길 24 ,3,1,17,6,9.0,0,35.810371,128.5041695,49.99,0.0,화원읍,46114,3740,3,8.11,41.020950763015165
연경초등학교,대구광역시 북구 연경중앙로11길 19 (연경동),5,0,53,4,19.0,0,35.9457235,128.616056,44.37,45.0,무태조야동,33500,3694,8,11.03,40.43482280140328
연세유치원,대구광역시 북구 침산남로 165-4 (침산동),3,0,5,2,4.0,1,35.8882443,128.5940851,37.06,0.0,침산동,39135,4442,9,11.35,46.886184821601574
연제어린이집,대구광역시 달서구 감삼남길 49 (감삼동),2,1,9,4,10.0,0,35.8480268,128.5398261,34.48,0.0,감삼동,30507,3624,3,11.88,39.9573294226435
영선초등학교,대구광역시 남구 영선길 96 (이천동),7,11,63,23,8.0,0,35.85290101,128.5960142,41.53,13.2,이천동,13922,1316,4,9.45,25.178286372354346
영재어린이집,대구광역시 서구 평리로 146 (중리동),5,0,15,2,24.0,1,35.85854025,128.5403882,50.57,0.0,상중이동,17613,1248,11,7.09,49.47348094132069
영지어린이집,대구광역시 북구 산격로서9길 6-1 (산격동),3,4,23,4,5.0,0,35.8952123,128.6022434,35.18,0.0,산격동,33037,1409,5,4.26,33.39456779158994
예나유치원,"대구광역시 수성구 욱수천로 133 (사월동, 시지2차사월보성타운)",1,1,12,4,15.0,0,35.840293,128.7162017,41.83,2.2,고산동,87407,8926,1,10.21,42.07062946359098
예뜰유치원,대구광역시 동구 반야월북로55길 43 (신서동),2,1,10,3,5.0,0,35.87493,128.7306,45.96,0.0,안심동,101173,10230,3,10.11,41.75844430649015
예쁜손어린이집,대구광역시 동구 율하동로26길 22 (신기동),2,2,12,5,6.0,0,35.87229,128.7031,45.96,0.0,안심동,101173,10230,9,10.11,38.66152085643984
예아람학교,대구광역시 달성군 옥포읍 비슬로 1934 ,0,0,0,0,34.0,0,35.78006732,128.4343568,65.3,0.0,옥포읍,23013,2633,12,11.44,49.38977873837304
예원유치원,대구광역시 북구 칠성로 105-21 (칠성동2가),2,1,7,2,3.0,0,35.87931739,128.600701,31.38,0.0,칠성동,21467,2428,12,11.31,36.271542668353234
예일어린이집,대구광역시 동구 동부로 67-1 (신천동),1,0,6,0,6.0,0,35.875539,128.619791,34.22,0.0,신천동,35806,3030,8,8.46,38.67762909563775
예일유치원,"대구광역시 북구 대천로7길 40 (읍내동, 칠곡산호한양아파트)",0,0,0,0,19.0,0,35.94103818,128.5557731,37.86,0.0,읍내동,24123,1772,8,7.35,40.769201295294984
예현유치원,대구광역시 달서구 월배로75길 78 (송현동),2,3,13,5,10.0,0,35.83085801,128.5474352,32.11,0.0,송현동,34671,1819,7,5.25,33.739853951427214
옥빛유치원,대구광역시 달성군 옥포읍 돌미로2서길 20 ,0,0,0,0,11.0,0,35.77889598,128.4364841,65.3,0.0,옥포읍,23013,2633,8,11.44,48.15509143985595
옥산초등학교,대구광역시 북구 칠성시장로23길 55 (칠성동2가),5,7,36,17,3.0,0,35.88089463,128.5978735,31.38,142.25,칠성동,21467,2428,12,11.31,27.53182770700847
옥스퍼드어린이집,대구광역시 달성군 화원읍 인흥길 29 ,0,0,0,0,9.0,0,35.80115908,128.4986254,49.99,0.0,화원읍,46114,3740,12,8.11,41.71307055910693
옥스포드유치원,대구광역시 북구 구리로 169 (국우동),0,0,0,0,19.0,0,35.9479921,128.5731257,44.54,0.0,국우동,30174,3460,6,11.47,44.63666009345708
옥포예일유치원,대구광역시 달성군 옥포읍 법화길 61 ,1,0,12,2,7.0,0,35.78659013,128.4462115,65.3,0.0,옥포읍,23013,2633,1,11.44,48.62335731595638
옥포초등학교,대구광역시 달성군 옥포읍 비슬로 2220 ,2,4,21,0,8.0,0,35.78778718,128.4641599,65.3,21.6,옥포읍,23013,2633,7,11.44,44.86499785681804
온누리유치원,대구광역시 동구 안심로7길 21 (용계동),1,1,6,4,12.0,0,35.87241375,128.693319,45.96,0.0,안심동,101173,10230,12,10.11,39.62943498479839
온뜨레피움어린이집,대구광역시 동구 아양로 213-6 (신암동),1,0,4,0,6.0,0,35.88711021,128.6367229,34.16,0.0,신암동,59668,6097,5,10.22,40.37340215602775
와룡초등학교,대구광역시 달서구 선원남로 22 (이곡동),1,2,12,4,25.0,0,35.85706992,128.5018556,34.32,539.8,이곡동,34996,2224,15,6.36,40.07508598570683
왕선초등학교,대구광역시 달성군 다사읍 대실역북로 93 ,10,11,77,15,22.0,0,35.863152,128.465206,40.57,271.4,다사읍,90377,14360,16,15.89,29.8808234602647
용계초등학교,대구광역시 달성군 가창면 가창로221길 1 ,2,3,25,6,3.0,0,35.80456757,128.6216025,52.94,216.0,가창면,7013,417,10,5.95,38.55121866090628
용산유치원,대구광역시 달서구 선원로55길 11-8 (용산동),4,2,10,2,6.0,0,35.85948655,128.5226867,33.27,239.6,용산동,54353,3961,8,7.29,38.17525408619824
용산초등학교,대구광역시 달서구 와룡로49길 80 (용산동),6,3,40,21,6.0,1,35.85522492,128.5320158,33.27,0.0,용산동,54353,3961,9,7.29,34.712155673755106
용전초등학교,대구광역시 달서구 용산로 260 (용산동),3,2,34,10,20.0,0,35.86109075,128.5312555,33.27,55.2,용산동,54353,3961,8,7.29,34.10644035627653
용지초등학교,대구광역시 수성구 지산로 12 (지산동),5,2,36,8,20.0,2,35.822008,128.632722,47.09,356.6,지산동,37797,2415,6,6.39,56.137191889643
우리아이어린이집,대구광역시 달서구 용산로14길 39 (장기동),1,1,6,2,8.0,0,35.84313621,128.5329738,38.33,0.0,장기동,15597,1358,23,8.71,34.141223792086166
우정유치원,대구광역시 달서구 선원로14길 10 (신당동),3,1,12,2,8.0,0,35.85859122,128.4990642,35.93,0.0,신당동,28363,1379,12,4.86,35.06961913598467
우주과학유치원,대구광역시 북구 오봉로6길 9-1 (노원동1가),3,3,14,2,13.0,0,35.8903643,128.5776159,35.22,0.0,노원동,11123,699,20,6.28,32.23419145366932
욱수초등학교,대구광역시 수성구 신매로 20 (신매동),6,4,49,23,14.0,1,35.83137816,128.7077006,45.96,52.2,안심동,101173,10230,10,10.11,38.23163828542924
운암초등학교,대구광역시 북구 대천로 148 (구암동),0,0,0,0,24.0,0,35.93569893,128.5656283,31.82,380.25,구암동,31652,2815,14,8.89,42.30093346335165
움사랑생태어린이집,대구광역시 북구 칠곡중앙대로86길 17-1 (읍내동),3,2,17,2,6.0,0,35.9343405,128.5503227,37.86,0.0,읍내동,24123,1772,13,7.35,35.16001186670806
웃는아이어린이집,대구광역시 북구 학정로 110-22 (태전동),1,2,7,1,4.0,0,35.9171941,128.5520429,42.48,0.0,태전동,43857,3081,10,7.03,37.638259372795176
원만사유치원,대구광역시 중구 달구벌대로 2013 (동산동),1,1,9,0,43.5,0,35.8658472,128.58387,29.56,0.0,성내동,25759,3336,17,12.95,39.860244230198816
원화유치원,대구광역시 달서구 당산로21안길 49 (감삼동),2,1,8,7,8.0,1,35.84509678,128.5438481,34.48,0.0,감삼동,30507,3624,12,11.88,43.56401970988657
월곡초등학교,대구광역시 달서구 상인로 40 (상인동),2,2,18,3,20.0,0,35.81216502,128.5492651,36.08,1.2,상인동,60234,4622,10,7.67,36.89093500198749
월배어린이집,대구광역시 달서구 상화로9길 102-10 (진천동),4,2,12,4,6.0,1,35.81250737,128.5210278,30.92,40.6,진천동,49707,5016,12,10.09,42.354051890701335
월배유치원,대구광역시 달서구 월배로 149-7 (진천동),0,0,0,0,8.0,2,35.81659769,128.5296531,30.92,0.0,진천동,49707,5016,12,10.09,52.82118872792786
월배초등학교,대구광역시 달서구 월배로 131 (진천동),6,7,73,17,35.0,2,35.81642334,128.5283129,30.92,0.0,진천동,49707,5016,11,10.09,42.543677836552384
월서유치원,대구광역시 달서구 조암남로16길 34 (월성동),3,3,11,3,25.0,0,35.822893,128.5225789,32.97,0.0,월성동,53940,7201,10,13.35,38.64999748089222
월성아이세상어린이집,대구광역시 달서구 조암남로10길 42 (월성동),3,1,17,8,8.0,2,35.82283274,128.5260536,32.97,0.0,월성동,53940,7201,33,13.35,44.17474937445501
월성초등학교,대구광역시 달서구 학산로7길 26 (월성동),0,0,0,0,20.0,1,35.8310902,128.5318969,32.97,0.0,월성동,53940,7201,11,13.35,48.704070975833666
월촌초등학교,대구광역시 달서구 상인서로 60 (상인동),2,3,16,4,15.0,2,35.81635648,128.543274,36.08,28.0,상인동,60234,4622,11,7.67,50.4483614883068
위즈숲유치원,대구광역시 동구 파계로19길 12-7 (지묘동),1,0,4,0,6.0,0,35.94259175,128.6360031,55.62,0.0,공산동,20244,1589,6,7.85,44.273264974641826
율빛유치원,대구광역시 동구 율하서로3길 45 (율하동),0,0,0,0,20.0,0,35.86078,128.6881,45.96,0.0,안심동,101173,10230,1,10.11,46.05253931302799
율하유치원,대구광역시 동구 안심로16길 19 (율하동),1,1,6,0,8.0,1,35.86633074,128.694752,45.96,0.0,안심동,101173,10230,11,10.11,48.34026670626841
율하초등학교,대구광역시 동구 율하동로15길 1 (율하동),6,4,36,8,6.0,1,35.86781358,128.7015369,45.96,172.25,안심동,101173,10230,4,10.11,45.958565410777666
으뜸유치원,대구광역시 동구 위남로2길 38 (봉무동),1,1,9,3,6.0,0,35.93073599,128.6349831,55.11,0.0,봉무동,19806,2304,1,11.63,45.3270596442376
은성어린이집,대구광역시 수성구 교학로7길 16 (만촌동),1,2,5,1,12.0,1,35.85202,128.653,39.84,0.0,만촌동,53419,6265,7,11.73,48.247327070915595
은초롱어린이집,대구광역시 달성군 다사읍 서재본1길 11 ,0,0,0,0,4.0,0,35.87318281,128.495596,40.57,0.0,다사읍,90377,14360,12,15.89,42.04607535012406
은초롱유치원,대구광역시 달서구 서당로7길 93 (신당동),3,3,14,5,10.0,2,35.85425496,128.4938553,35.93,0.0,신당동,28363,1379,19,4.86,45.81771502829411
은하수어린이집,대구광역시 달서구 달구벌대로301길 58 (용산동),2,1,10,3,10.0,0,35.85234239,128.532161,33.27,0.0,용산동,54353,3961,9,7.29,36.28955674752723
은혜어린이집,대구광역시 달서구 선원로53길 34-10 (용산동),1,1,4,2,6.0,0,35.86015477,128.5223989,33.27,0.0,용산동,54353,3961,6,7.29,37.386822906833544
이곡초등학교,대구광역시 달서구 선원남로 120 (이곡동),0,0,0,0,25.0,0,35.85684832,128.5137344,34.32,157.4,이곡동,34996,2224,9,6.36,41.36677863375476
이노유치원,대구광역시 달서구 조암남로20길 54 (월성동),0,0,0,0,8.0,0,35.82184592,128.5211982,32.97,0.0,월성동,53940,7201,12,13.35,39.62444492812252
이바유치원,대구광역시 수성구 파동로30길 61 (파동),2,1,14,3,6.0,0,35.821523,128.615549,56.38,37.8,파동,15236,1538,0,10.09,45.445213469590854
이본유치원,대구광역시 동구 팔공로34길 27 (불로동),2,1,6,0,4.0,0,35.91440895,128.6442396,55.11,0.0,봉무동,19806,2304,2,11.63,45.95145029964833
이튼어린이집,대구광역시 달성군 논공읍 논공로17길 16-8 ,0,0,0,0,5.0,0,35.72968405,128.4431574,58.89,0.0,논공읍,15484,1082,7,6.99,44.490611173751354
이현초등학교,대구광역시 서구 국채보상로37길 35 (평리동),10,1,0,0,10.0,0,35.87348606,128.5503997,35.23,2.8,평리동,57243,5135,4,8.97,40.44524103383168
인지초등학교,대구광역시 서구 서대구로66길 20 (비산동),10,2,13,10,8.0,0,35.88618347,128.5672852,35.36,248.0,비산동,44837,1740,6,3.88,35.3989309268204
자연과예술유치원,대구광역시 달서구 월배로5길 11-4 (유천동),2,1,29,5,8.0,0,35.81210506,128.516097,30.92,0.0,진천동,49707,5016,17,10.09,32.6592303591938
자연과학어린이집,대구광역시 달성군 현풍읍 현풍동로25길 17 ,0,0,0,0,8.0,0,35.69864,128.4484034,56.15,0.0,현풍읍,21728,2523,1,11.61,47.82720638726294
자연과학유치원,대구광역시 달서구 성지로16길 41 (용산동),6,3,12,4,6.0,1,35.85689206,128.5223818,33.27,0.0,용산동,54353,3961,10,7.29,41.38420325234473
자연누리유치원,대구광역시 수성구 노변로 101 (노변동),1,1,21,4,10.5,1,35.840502,128.7005283,41.83,1.4,고산동,87407,8926,9,10.21,46.239423870343884
자연동화유치원,대구광역시 동구 안심로51길 13-2 (서호동),0,0,0,0,8.0,1,35.86684127,128.712357,45.96,0.0,안심동,101173,10230,4,10.11,51.36685265925623
장기초등학교,대구광역시 달서구 장기로 280 (장기동),2,3,24,4,20.0,0,35.84439346,128.5290637,38.33,676.8,장기동,15597,1358,13,8.71,42.18678285967409
장산초등학교,대구광역시 달서구 장산로 30 (용산동),3,3,24,1,30.0,0,35.85483742,128.5265307,33.27,158.6,용산동,54353,3961,21,7.29,35.065678882084136
장원유치원,대구광역시 달성군 현풍읍 현풍동로 49 ,0,0,0,0,13.0,0,35.6948584,128.4504725,56.15,0.0,현풍읍,21728,2523,5,11.61,47.147000068758736
전원어린이집,대구광역시 수성구 유니버시아드로68길 16 (욱수동),1,1,14,3,5.0,0,35.82787864,128.706676,41.83,0.0,고산동,87407,8926,6,10.21,39.71040625362754
정원어린이집,대구광역시 북구 칠곡중앙대로126길 21-24 (읍내동),0,0,0,0,5.0,0,35.94901771,128.555012,37.86,0.0,읍내동,24123,1772,6,7.35,39.88590019922792
정원유치원,대구광역시 동구 이노밸리로29길 76 (각산동),2,2,28,1,7.0,0,35.88593571,128.7137965,45.96,0.0,안심동,101173,10230,2,10.11,41.47478573830683
제일어린이집,대구광역시 수성구 용학로30길 82 (지산동),1,1,3,1,7.0,1,35.82168,128.6296,47.09,0.0,지산동,37797,2415,3,6.39,49.240771617428194
조암초등학교,대구광역시 달서구 조암로5길 19 (월성동),4,8,41,8,10.0,2,35.82408224,128.5284353,32.97,0.0,월성동,53940,7201,22,13.35,42.22435333813234
조은어린이집,대구광역시 달서구 당산로45길 95 (감삼동),2,1,9,4,6.0,2,35.85541593,128.5422125,34.48,0.0,감삼동,30507,3624,2,11.88,54.83482781078018
종로초등학교,대구광역시 중구 경상감영길 49 (서문로1가),3,3,36,6,9.0,0,35.87249623,128.5897066,29.56,86.75,성내동,25759,3336,18,12.95,32.20801233346327
좋은유치원,"대구광역시 북구 호암로 20 (칠성동2가, 성광우방타운)",6,6,47,12,36.0,1,35.88266282,128.592027,31.38,0.0,칠성동,21467,2428,10,11.31,39.56074936044816
죽곡어린이집,대구광역시 달성군 다사읍 달구벌대로174길 17-5 ,0,0,0,0,8.0,0,35.85792905,128.4620448,40.57,0.0,다사읍,90377,14360,13,15.89,42.16857696198738
중동어린이집,대구광역시 수성구 희망로 121 (중동),1,3,9,0,26.5,0,35.84762097,128.612134,33.28,6.0,중동,14475,1750,20,12.09,36.498192006904866
중리초등학교,대구광역시 서구 국채보상로 135 (이현동),9,2,28,2,35.0,1,35.86971383,128.5454299,50.57,104.8,상중이동,17613,1248,8,7.09,50.70125921909653
중앙초등학교,대구광역시 수성구 만촌로 125 (만촌동),3,5,35,10,17.0,0,35.87001293,128.6403507,39.84,211.6,만촌동,53419,6265,6,11.73,37.33650312788196
지묘어린이집,대구광역시 동구 파계로 117 (지묘동),1,0,7,0,20.0,0,35.944223,128.6370343,55.62,0.0,공산동,20244,1589,3,7.85,46.53153066997254
지봉초등학교,대구광역시 수성구 지범로31길 45 (지산동),3,3,31,12,10.0,0,35.82546519,128.6408054,47.09,74.6,지산동,37797,2415,7,6.39,35.33878980310933
지산어린이집,대구광역시 수성구 지산로14길 29 (지산동),1,1,12,6,13.0,1,35.827079,128.635668,47.09,39.8,지산동,37797,2415,11,6.39,45.74963075121517
지산초등학교,대구광역시 수성구 지범로17길 3-14 (지산동),6,4,21,6,8.5,0,35.82695807,128.6301691,47.09,0.0,지산동,37797,2415,13,6.39,34.4872548932165
진성유치원,"대구광역시 북구 구암로 170 (구암동, 칠곡2차한라타운)",0,0,0,0,19.0,0,35.93052009,128.5593829,31.82,120.0,구암동,31652,2815,15,8.89,38.967908020975784
진천유치원,대구광역시 달서구 상화로9길 15 (진천동),2,2,13,7,8.0,3,35.80895431,128.5193669,30.92,19.8,진천동,49707,5016,7,10.09,57.83558594710588
진천초등학교,대구광역시 달서구 상화로9길 65 (진천동),3,6,20,13,8.0,2,35.81127897,128.5195481,30.92,0.0,진천동,49707,5016,11,10.09,44.1063062583725
참좋은 유치원,대구광역시 남구 삼정2길 36 (봉덕동),1,1,6,1,40.0,1,35.83858034,128.5948414,37.09,0.0,봉덕동,35397,2674,4,7.55,50.37207791923187
참좋은어린이집,대구광역시 남구 중앙대로 126 (봉덕동),1,2,15,0,40.0,0,35.84435136,128.5910004,37.09,0.0,봉덕동,35397,2674,13,7.55,39.43257777762892
창의나라어린이집,대구광역시 서구 문화로51길 9 (평리동),3,1,10,4,8.0,0,35.87663662,128.5606027,35.23,0.0,평리동,57243,5135,23,8.97,32.64739970604927
채송화유치원,대구광역시 북구 학정로48길 42-6 (구암동),5,6,25,11,7.0,0,35.92723501,128.5605621,31.82,0.0,구암동,31652,2815,7,8.89,30.378811171933318
천내어린이집,대구광역시 달성군 화원읍 화원로7길 55 ,1,3,17,2,10.0,0,35.805797,128.496537,49.99,0.0,화원읍,46114,3740,9,8.11,39.39248525689008
천내초등학교,대구광역시 달성군 화원읍 성천로 192 ,5,7,59,11,12.0,0,35.80943449,128.501982,49.99,11.0,화원읍,46114,3740,1,8.11,34.67246330107935
천사유치원,"대구광역시 수성구 신매로 91 (신매동, 시지삼주한라협화타운)",1,1,30,6,20.0,1,35.83749115,128.7069579,45.96,456.4,안심동,101173,10230,13,10.11,50.27018576524217
청구어린이집,대구광역시 동구 송라로 3-6 (신천동),1,1,10,2,6.0,0,35.86847567,128.618421,34.22,0.0,신천동,35806,3030,18,8.46,34.16874351081759
청동어린이집,대구광역시 남구 이천로28길 42-33 (이천동),1,3,5,3,6.0,0,35.85359762,128.6000087,41.53,0.0,이천동,13922,1316,12,9.45,36.791521249247644
청림초등학교,대구광역시 수성구 고산로 51 (노변동),1,3,16,0,30.0,0,35.83563518,128.7033769,41.83,10.2,고산동,87407,8926,10,10.21,40.91230903351032
청산어린이집,대구광역시 동구 송라로3길 13-3 (신천동),1,0,9,2,8.0,0,35.869435,128.619153,34.22,0.0,신천동,35806,3030,16,8.46,35.65929904628762
청수유치원,대구광역시 수성구 달구벌대로504길 20 (범어동),1,0,2,0,15.0,0,35.856896,128.638055,36.68,52.4,범어동,71579,11095,11,15.5,42.83745194915488
청아어린이집,대구광역시 달서구 이곡공원로1길 16 (이곡동),2,1,8,1,6.0,0,35.85620463,128.5082718,34.32,0.0,이곡동,34996,2224,22,6.36,32.56309637794817
칠곡초등학교,대구광역시 북구 칠곡중앙대로110길 5 (읍내동),7,10,71,22,35.0,0,35.94517034,128.5517715,37.86,442.5,읍내동,24123,1772,13,7.35,28.30254342262914
칠곡한솔유치원,대구광역시 북구 태암로18길 20-7 (구암동),4,4,22,7,6.0,0,35.9259879,128.5550239,31.82,0.0,구암동,31652,2815,13,8.89,31.17776662424928
칠곡혜성유치원,대구광역시 북구 학정로42길 40 (구암동),6,5,20,5,7.0,0,35.9267826,128.5589679,31.82,0.0,구암동,31652,2815,11,8.89,32.025334819625186
칠성초등학교,대구광역시 북구 침산남로32길 17 (침산동),4,4,28,7,10.0,2,35.88703349,128.5932396,37.06,542.0,침산동,39135,4442,12,11.35,54.07649283868254
침산ing유치원,대구광역시 북구 침산남로37길 10 (침산동),2,0,0,0,8.0,1,35.8882997,128.5962947,37.06,0.0,침산동,39135,4442,13,11.35,46.99990705085372
침산초등학교,대구광역시 북구 성북로 25 (침산동),3,3,35,5,25.0,0,35.8911138,128.5850731,37.06,192.75,침산동,39135,4442,16,11.35,37.07230927381551
칼라풀어린이집,대구광역시 북구 복현로2길 34 (복현동),2,2,16,4,5.0,1,35.8920708,128.6257607,37.46,0.0,복현동,35769,3057,11,8.55,42.9261325959634
코끼리어린이집,대구광역시 달서구 성서로72길 97-11 (이곡동),1,1,5,1,6.0,0,35.84998,128.5128,34.32,0.0,이곡동,34996,2224,10,6.36,36.339646930199656
코오롱아인슈타인유치원,"대구광역시 수성구 수성로 412 (수성동4가, 수성보성타운)",1,2,15,8,20.0,0,35.861991,128.6144895,35.25,103.8,수성동,40632,3829,19,9.42,34.12622646309924
큐리어스어린이집,대구광역시 달서구 당산로30길 42-7 (두류동),1,1,3,1,8.0,0,35.84727082,128.5514561,32.95,0.0,두류동,23121,1384,7,5.99,37.07705232750832
큰뫼생태어린이집,대구광역시 북구 학정로42길 26-24 (구암동),0,0,0,0,6.0,0,35.9250503,128.5583817,31.82,0.0,구암동,31652,2815,6,8.89,39.1603494619723
큰별어린이집,대구광역시 달서구 선원로23북길 16-10 (이곡동),1,0,4,2,6.0,0,35.86111393,128.5046831,34.32,0.0,이곡동,34996,2224,5,6.36,38.193194083980444
큰별유치원,대구광역시 달성군 화원읍 성화로4길 13 (화원태왕타운),2,1,11,3,7.0,0,35.80291745,128.492025,49.99,0.0,화원읍,46114,3740,9,8.11,40.270376819162244
큰사랑어린이집,대구광역시 달서구 월배로75길 132 (송현동),2,2,26,7,8.0,0,35.83342657,128.5474861,32.11,0.0,송현동,34671,1819,15,5.25,30.453702267557304
키즈로스쿨어린이집,대구광역시 동구 반야월로26길 61-2 (신기동),1,0,4,0,6.0,0,35.870227,128.701366,45.96,0.0,안심동,101173,10230,3,10.11,43.77020111698926
키즈브라운어린이집,대구광역시 수성구 파동로38길 45-3 (파동),2,2,10,5,7.0,0,35.81906166,128.6145928,56.38,0.0,파동,15236,1538,7,10.09,41.96279999098127
키즈오르다어린이집,대구광역시 동구 국채보상로165길 31 (신천동),1,0,9,2,4.0,0,35.8697,128.6158,34.22,0.0,신천동,35806,3030,7,8.46,37.96103985866673
키즈하버드어린이집,대구광역시 동구 율하동로8길 75 (율하동),0,0,0,0,8.0,1,35.864335,128.701941,45.96,0.0,안심동,101173,10230,8,10.11,50.15473144713503
태암초등학교,대구광역시 북구 칠곡중앙대로52길 56 (태전동),2,3,21,9,9.0,1,35.9230319,128.5505023,42.48,51.5,태전동,43857,3081,7,7.03,43.12772962625901
태양유치원,대구광역시 달서구 월배로28안길 17-10 (진천동),2,3,10,5,8.0,2,35.81403925,128.5293484,30.92,0.0,진천동,49707,5016,11,10.09,49.11526264466532
태전초등학교,대구광역시 북구 칠곡중앙대로75길 16 (태전동),9,10,40,12,6.0,0,35.97397,128.5345,37.86,65.0,읍내동,24123,1772,0,7.35,30.315226255850785
태현초등학교,대구광역시 북구 태전로 95 (태전동),3,2,19,5,27.0,0,35.92816693,128.5406343,42.48,29.25,태전동,43857,3081,6,7.03,39.68387216086998
테크노초등학교,대구광역시 달성군 유가읍 현풍로 245 ,7,0,0,0,13.0,0,35.70006861,128.4634402,54.32,0.0,유가읍,31072,6236,5,20.07,50.10883351140981
토마토어린이집,대구광역시 달서구 성서동로65길 24 (이곡동),2,0,7,5,8.0,0,35.85029219,128.5145444,34.32,0.0,이곡동,34996,2224,11,6.36,35.44759130735759
"특수학교(광명,영화,보명,보건,덕희)5개교",대구광역시 남구 성당로50길 33 (대명동),3,5,28,5,7.0,0,35.85594776,128.575077,35.31,0.0,대명동,86443,4318,9,5.0,31.531997173034625
튼튼한어린이집,대구광역시 북구 동변로20길 30-1 (동변동),0,0,0,0,7.0,0,35.92309743,128.601318,44.37,0.0,무태조야동,33500,3694,5,11.03,43.44534210208838
파동초등학교,대구광역시 수성구 파동로51길 34 (파동),3,2,29,5,10.0,0,35.82401679,128.6074144,56.38,14.0,파동,15236,1538,7,10.09,41.528481258863486
파란하늘유치원,대구광역시 동구 금호강변로3길 14 (율하동),3,2,20,0,24.0,0,35.86937,128.6891,45.96,0.0,안심동,101173,10230,4,10.11,43.384400879578365
파프리카유치원,대구광역시 달서구 대명천로21길 10 (성당동),1,1,5,4,6.0,0,35.83899766,128.5492888,30.44,0.0,성당동,20919,1652,14,7.9,33.81453489620401
파호초등학교,대구광역시 달서구 달서대로109안길 76 (호산동),3,5,18,7,15.0,0,35.85058152,128.4815078,35.93,153.2,신당동,28363,1379,9,4.86,33.746882169630226
팔공초등학교,대구광역시 동구 연경지묘로 150 (지묘동),2,0,0,0,20.0,0,35.9471327,128.6252872,55.62,10.0,공산동,20244,1589,4,7.85,46.651590884253224
팔달초등학교,대구광역시 북구 매천로2길 19-6 (팔달동),4,4,18,8,5.0,0,35.8979308,128.5449083,59.66,103.5,관문동,33060,4459,9,13.49,41.66866932427597
평리초등학교,대구광역시 서구 국채보상로53길 6-5 (평리동),17,4,18,16,15.0,1,35.87239568,128.5613416,35.23,208.2,평리동,57243,5135,14,8.97,39.36898570526773
포산유치원,대구광역시 달성군 현풍읍 테크노북로 78 ,0,0,0,0,7.0,0,35.69426963,128.4527457,56.15,0.0,현풍읍,21728,2523,8,11.61,45.599611287327406
프랜즈유치원,대구광역시 수성구 국채보상로200길 9 (만촌동),2,3,14,7,8.0,0,35.86536904,128.640441,39.84,0.0,만촌동,53419,6265,15,11.73,34.85199198411601
플레이키즈어린이집,대구광역시 달서구 월곡로26안길 17-7 (상인동),1,1,4,0,3.0,1,35.80915,128.5503,36.08,0.0,상인동,60234,4622,10,7.67,44.850111445537536
하나렘어린이집,대구광역시 달서구 월배로 235 (상인동),1,2,11,0,35.0,0,35.81996355,128.5388941,36.08,0.0,상인동,60234,4622,9,7.67,40.10529426397846
하나린어린이집,대구광역시 동구 신암로12길 53 (신천동),1,1,12,1,6.0,0,35.87542121,128.6118783,34.22,0.0,신천동,35806,3030,10,8.46,36.83286132446812
하나어린이집,대구광역시 북구 칠곡중앙대로43길 33 (태전동),0,0,0,0,8.0,0,35.9150643,128.5445336,42.48,0.0,태전동,43857,3081,7,7.03,40.883318333851356
하늘꿈어린이집,대구광역시 달서구 조암로14안길 18-9 (월성동),2,1,11,4,6.0,0,35.82400034,128.5207155,32.97,0.0,월성동,53940,7201,7,13.35,38.454478460905115
하늘빛유치원,"대구광역시 수성구 지범로40길 11 (범물동, 서한화성아파트)",1,1,7,4,15.0,0,35.81849094,128.6426091,36.31,36.0,범물동,25742,1884,21,7.32,34.079943462695155
하늘숲유치원,대구광역시 달성군 화원읍 비슬로539길 11-11 ,1,1,14,4,9.0,0,35.80964,128.5072876,49.99,0.0,화원읍,46114,3740,4,8.11,41.52477404253938
하늘어린이집,대구광역시 북구 고성로34길 90 (고성동1가),4,3,26,7,6.0,0,35.8793927,128.5881726,32.37,0.0,고성동,12756,2189,13,17.16,35.073089490267876
하늘유치원,대구광역시 수성구 노변공원로3길 10 (노변동),4,2,13,2,6.5,0,35.840338,128.699972,41.83,0.0,고산동,87407,8926,9,10.21,38.715952117917695
하늘정원유치원,"대구광역시 달서구 한들로 70 (장기동, 장기파랑새마을)",0,0,0,0,20.0,0,35.84660805,128.5264656,38.33,0.0,장기동,15597,1358,5,8.71,42.444405489754836
하빈초교병설유치원,대구광역시 달성군 하빈면 하빈로 391-1 ,0,0,0,0,13.0,0,35.901692,128.4421117,59.56,0.0,하빈면,3276,87,6,2.66,44.064720229262896
학남어린이집,대구광역시 북구 주좌길 34 (학정동),0,0,0,0,7.0,1,35.95070348,128.5692323,44.54,88.75,국우동,30174,3460,12,11.47,49.8937734885518
학남초등학교,대구광역시 북구 학정동로 23 (국우동),2,3,23,4,21.0,0,35.9462397,128.5662836,44.54,0.0,국우동,30174,3460,15,11.47,37.83905363515765
학산초등학교,대구광역시 달서구 월성로 76 (월성동),0,0,0,0,15.0,0,35.83110683,128.5260862,32.97,9.8,월성동,53940,7201,12,13.35,40.46319373848756
학정초등학교,대구광역시 북구 학남로 32 (학정동),6,2,28,6,12.0,1,35.94822675,128.568978,44.54,75.25,국우동,30174,3460,17,11.47,44.22254223874095
한국어린이집,대구광역시 달서구 중흥로8길 112 (송현동),2,2,12,6,10.0,0,35.82683456,128.5521334,32.11,0.0,송현동,34671,1819,3,5.25,35.290370802177726
한국예술유치원,대구광역시 수성구 용학로34길 8 (지산동),2,1,13,4,8.0,0,35.822092,128.6270903,47.09,0.0,지산동,37797,2415,0,6.39,41.28895578561633
한글나라어린이집,대구광역시 달서구 야외음악당로9길 34 (성당동),2,0,6,4,8.0,0,35.84142,128.5509,30.44,0.0,성당동,20919,1652,19,7.9,33.09042036653669
한꽃유치원,대구광역시 북구 매천로 204 (태전동),0,0,0,0,33.0,0,35.91517961,128.5426024,42.48,0.0,태전동,43857,3081,7,7.03,43.54289280193645
한림유치원,"대구광역시 북구 대천로 101 (동천동, 칠곡3차화성타운)",0,0,0,0,25.0,1,35.93701371,128.5603526,29.97,0.0,동천동,25585,2507,15,9.8,45.875770028894266
한별유치원,대구광역시 북구 칠곡중앙대로99길 45-21 (관음동),0,0,0,0,8.0,0,35.94061383,128.5456385,55.86,0.0,관음동,14488,847,8,5.85,43.32041098116652
한솔어린이집,대구광역시 달서구 성지로16길 69-6 (용산동),2,2,8,1,6.0,1,35.8578109,128.5225034,33.27,0.0,용산동,54353,3961,8,7.29,43.8021797462558
한솔유치원,"대구광역시 달서구 이곡동로 32 (이곡동, 성서와룡타운)",2,2,17,3,20.0,1,35.85286261,128.512059,34.32,0.0,이곡동,34996,2224,18,6.36,41.05235187786682
함지초등학교,대구광역시 북구 동천로 33 (동천동),4,6,42,6,9.0,0,35.93475358,128.5578616,29.97,72.5,동천동,25585,2507,11,9.8,30.869057682412915
해맑은유치원,대구광역시 달성군 다사읍 왕선로 41 ,0,0,0,0,35.0,0,35.8631537,128.4640509,40.57,0.0,다사읍,90377,14360,17,15.89,43.828796175398075
해성유치원,대구광역시 북구 내곡로 123 (사수동),0,0,0,0,24.0,0,35.89756743,128.5182978,59.66,0.0,관문동,33060,4459,8,13.49,49.00729154956766
해오름유치원,대구광역시 달서구 도원남로 54 (도원동),0,0,0,0,25.0,0,35.80397398,128.5348468,31.93,0.0,도원동,32050,2301,11,7.18,39.005366291041746
해와달어린이집,대구광역시 북구 도남길 57-1 (국우동),1,2,12,6,3.0,0,35.9540283,128.5805954,44.54,0.0,국우동,30174,3460,0,11.47,40.94196658851303
해피아이어린이집,대구광역시 달성군 다사읍 대실역북로 96 ,0,0,0,0,22.0,0,35.86383242,128.4651405,40.57,0.0,다사읍,90377,14360,15,15.89,43.05187805805443
해피키즈유치원,대구광역시 달성군 현풍읍 현풍동로20길 12 ,0,0,0,0,3.0,0,35.69960248,128.4512374,56.15,0.0,현풍읍,21728,2523,0,11.61,47.59832179667621
행복나무유치원,대구광역시 달서구 성서서로73길 68 (신당동),1,1,5,1,6.0,1,35.85821036,128.496413,35.93,0.0,신당동,28363,1379,11,4.86,43.3203196186398
행복숲유치원,"대구광역시 북구 구암로 17 (관음동, 칠곡2차(수정)한양아파트)",1,1,13,3,12.0,1,35.93664054,128.5429351,55.86,0.0,관음동,14488,847,9,5.85,48.71043595751581
행복유치원,대구광역시 동구 신암북로7길 75 (신암동),2,3,5,4,8.0,0,35.888735,128.617919,34.16,0.0,신암동,59668,6097,4,10.22,37.63413611120892
행복이가득한어린이집,대구광역시 서구 달서천로53길 18 (비산동),7,2,21,7,15.0,0,35.88566184,128.56224,35.36,0.0,비산동,44837,1740,7,3.88,34.086254402550956
행복한어린이집,대구광역시 달서구 화암로 301 (대곡동),1,1,10,2,12.0,0,35.80469338,128.516933,30.92,0.0,진천동,49707,5016,4,10.09,38.912006680771064
향뜰어린이집,대구광역시 수성구 천을로 125 (매호동),1,0,8,6,15.0,0,35.844194,128.7042808,41.83,2.4,고산동,87407,8926,11,10.21,39.18749540874321
현풍아이세상어린이집,대구광역시 달성군 현풍읍 현풍중앙로10길 64 ,0,0,0,0,5.0,0,35.69535446,128.448957,56.15,0.0,현풍읍,21728,2523,2,11.61,47.20502714806241
현풍초등학교,대구광역시 달성군 현풍읍 비슬로134길 167-6 ,20,7,82,22,8.0,0,35.69810979,128.4484673,56.15,69.4,현풍읍,21728,2523,1,11.61,32.953252085189305
혜민어린이집,대구광역시 달성군 화원읍 명천로 231 (명곡미래빌 2단지),0,0,0,0,23.0,0,35.84813,128.4836,35.93,0.0,신당동,28363,1379,9,4.86,39.426869056144696
혜성어린이집,대구광역시 북구 신천동로148길 55 (대현동),1,2,8,2,7.0,1,35.8841001,128.6050776,35.87,0.0,대현동,15745,1007,14,6.4,42.023860735454264
혜송유치원,"대구광역시 북구 호암로 40 (칠성동2가, 삼성아파트)",0,0,0,0,10.0,1,35.88190419,128.5937835,31.38,0.0,칠성동,21467,2428,12,11.31,46.13499298982205
호동어린이집,대구광역시 남구 희망로5길 19 (이천동),2,5,22,6,12.5,0,35.84884861,128.600145,41.53,0.0,이천동,13922,1316,14,9.45,33.832557481524674
호수유치원,대구광역시 동구 팔공로68길 4-5 (봉무동),1,0,3,0,8.0,0,35.92953955,128.642874,55.11,0.0,봉무동,19806,2304,5,11.63,46.233078221338886
화남어린이집,대구광역시 달성군 화원읍 비슬로512길 44 ,2,1,19,6,6.0,1,35.801789,128.498308,49.99,0.0,화원읍,46114,3740,12,8.11,45.38107115564699
화남초등학교,대구광역시 달성군 화원읍 명천로 181 ,5,6,43,1,22.0,0,35.80002003,128.498009,49.99,140.2,화원읍,46114,3740,15,8.11,37.44002698998315
화니어린이집,대구광역시 수성구 동대구로7길 14-14 (두산동),2,1,11,4,7.0,0,35.834238,128.622789,33.37,0.0,두산동,14729,1393,8,9.46,36.78988801947056
화랑어린이집,대구광역시 남구 두류공원로13길 27-5 (대명동),1,1,5,2,6.0,0,35.84257212,128.569401,35.31,0.0,대명동,86443,4318,19,5.0,32.970077519148376
화원유치원,대구광역시 달성군 화원읍 비슬로525길 46 ,0,0,0,0,10.0,0,35.808466,128.5010063,49.99,450.8,화원읍,46114,3740,3,8.11,48.873852392958696
환타랜드숲유치원,대구광역시 북구 매천로17길 17-1 (매천동),4,1,4,2,5.0,0,35.90434132,128.5386172,59.66,0.0,관문동,33060,4459,2,13.49,47.32561421748766
환타랜드유치원,대구광역시 북구 대천로18길 6 (동천동),4,4,21,5,8.0,0,35.9364615,128.5580673,29.97,0.0,동천동,25585,2507,14,9.8,31.722314615745084
황금초등학교,대구광역시 수성구 들안로32길 22 (황금동),4,5,28,12,9.0,0,35.84422116,128.618389,42.36,0.0,황금동,33031,4123,11,12.48,33.50660811012737
효동초등학교,대구광역시 동구 효동로 78-7 (효목동),3,1,17,0,6.0,1,35.884122,128.6447389,34.53,85.5,효목동,25725,1461,11,5.68,43.90694394091391
효명초등학교,대구광역시 남구 앞산순환로 707 (봉덕동),8,11,79,10,17.5,0,35.83464799,128.6010893,37.09,13.4,봉덕동,35397,2674,13,7.55,25.21859675359889
효목어린이집,대구광역시 동구 효목로13길 23 (효목동),3,2,11,3,8.0,0,35.878173,128.641234,34.53,0.0,효목동,25725,1461,13,5.68,33.84832817302956
효성어린이집,대구광역시 동구 효목로19길 9-6 (효목동),0,0,0,0,8.0,0,35.881296,128.641876,34.53,0.0,효목동,25725,1461,14,5.68,36.309316561588034
효성유치원,대구광역시 북구 동암로37길 17 (국우동),3,1,13,8,9.0,0,35.9448653,128.5710848,44.54,0.0,국우동,30174,3460,9,11.47,38.76459609495145
효성초등학교,대구광역시 달서구 송현로 81 (송현동),2,1,19,0,20.0,0,35.82406479,128.5429839,32.11,23.0,송현동,34671,1819,10,5.25,36.75165740567844
